file_name,input_path,method,method_label,status,original_size_bytes,compressed_size_bytes,compression_ratio,compression_rate,elapsed_seconds,note,method_dir,output_files
LFQ_Orbitrap_AIF_Human_01.uncompressed.mzML,<MSCODEC_ROOT>\benchmark\data_StackZDPD\LFQ_Orbitrap_AIF_Human_01.uncompressed.mzML,msconvert_zlib,msconvert zlib,ok,1988096205,1988097682,0.9999992570787576,1.0000007429217943,205.29922749998514,,<MSCODEC_ROOT>\benchmark\compression_benchmark_runs\data_stackzdpd_lfq_aif_01_02_all_methods_w2_20260526\LFQ_Orbitrap_AIF_Human_01.uncompressed_18afeca8\msconvert_zlib,<MSCODEC_ROOT>\benchmark\compression_benchmark_runs\data_stackzdpd_lfq_aif_01_02_all_methods_w2_20260526\LFQ_Orbitrap_AIF_Human_01.uncompressed_18afeca8\msconvert_zlib\LFQ_Orbitrap_AIF_Human_01.mzML; <MSCODEC_ROOT>\benchmark\compression_benchmark_runs\data_stackzdpd_lfq_aif_01_02_all_methods_w2_20260526\LFQ_Orbitrap_AIF_Human_01.uncompressed_18afeca8\msconvert_zlib\msconvert.stderr.log; <MSCODEC_ROOT>\benchmark\compression_benchmark_runs\data_stackzdpd_lfq_aif_01_02_all_methods_w2_20260526\LFQ_Orbitrap_AIF_Human_01.uncompressed_18afeca8\msconvert_zlib\msconvert.stdout.log
LFQ_Orbitrap_AIF_Human_01.uncompressed.mzML,<MSCODEC_ROOT>\benchmark\data_StackZDPD\LFQ_Orbitrap_AIF_Human_01.uncompressed.mzML,msconvert_gzip,msconvert gzip,ok,1988096205,694874670,2.8610860214547755,0.3495176280968757,295.7728394001024,,<MSCODEC_ROOT>\benchmark\compression_benchmark_runs\data_stackzdpd_lfq_aif_01_02_all_methods_w2_20260526\LFQ_Orbitrap_AIF_Human_01.uncompressed_18afeca8\msconvert_gzip,<MSCODEC_ROOT>\benchmark\compression_benchmark_runs\data_stackzdpd_lfq_aif_01_02_all_methods_w2_20260526\LFQ_Orbitrap_AIF_Human_01.uncompressed_18afeca8\msconvert_gzip\LFQ_Orbitrap_AIF_Human_01.mzML.gz; <MSCODEC_ROOT>\benchmark\compression_benchmark_runs\data_stackzdpd_lfq_aif_01_02_all_methods_w2_20260526\LFQ_Orbitrap_AIF_Human_01.uncompressed_18afeca8\msconvert_gzip\msconvert.stderr.log; <MSCODEC_ROOT>\benchmark\compression_benchmark_runs\data_stackzdpd_lfq_aif_01_02_all_methods_w2_20260526\LFQ_Orbitrap_AIF_Human_01.uncompressed_18afeca8\msconvert_gzip\msconvert.stdout.log
LFQ_Orbitrap_AIF_Human_01.uncompressed.mzML,<MSCODEC_ROOT>\benchmark\data_StackZDPD\LFQ_Orbitrap_AIF_Human_01.uncompressed.mzML,msconvert_numpress,msconvert numpressAll+zlib,ok,1988096205,1842077218,1.0792686569125138,0.9265533596247673,153.3441888000816,,<MSCODEC_ROOT>\benchmark\compression_benchmark_runs\data_stackzdpd_lfq_aif_01_02_all_methods_w2_20260526\LFQ_Orbitrap_AIF_Human_01.uncompressed_18afeca8\msconvert_numpress,<MSCODEC_ROOT>\benchmark\compression_benchmark_runs\data_stackzdpd_lfq_aif_01_02_all_methods_w2_20260526\LFQ_Orbitrap_AIF_Human_01.uncompressed_18afeca8\msconvert_numpress\LFQ_Orbitrap_AIF_Human_01.mzML; <MSCODEC_ROOT>\benchmark\compression_benchmark_runs\data_stackzdpd_lfq_aif_01_02_all_methods_w2_20260526\LFQ_Orbitrap_AIF_Human_01.uncompressed_18afeca8\msconvert_numpress\msconvert.stderr.log; <MSCODEC_ROOT>\benchmark\compression_benchmark_runs\data_stackzdpd_lfq_aif_01_02_all_methods_w2_20260526\LFQ_Orbitrap_AIF_Human_01.uncompressed_18afeca8\msconvert_numpress\msconvert.stdout.log
LFQ_Orbitrap_AIF_Human_01.uncompressed.mzML,<MSCODEC_ROOT>\benchmark\data_StackZDPD\LFQ_Orbitrap_AIF_Human_01.uncompressed.mzML,mspack,mspack,ok,1988096205,431521477,4.607177883292238,0.21705261340710622,261.094822700019,"Elapsed time includes msconvert normalization to uncompressed, non-indexed mzML with 64-bit m/z, 32-bit intensity, and 64-bit rt; mspack cannot read zlib-compressed binary arrays.",<MSCODEC_ROOT>\benchmark\compression_benchmark_runs\data_stackzdpd_lfq_aif_01_02_all_methods_w2_20260526\LFQ_Orbitrap_AIF_Human_01.uncompressed_18afeca8\mspack,<MSCODEC_ROOT>\benchmark\compression_benchmark_runs\data_stackzdpd_lfq_aif_01_02_all_methods_w2_20260526\LFQ_Orbitrap_AIF_Human_01.uncompressed_18afeca8\mspack\LFQ_Orbitrap_AIF_Human_01.uncompressed.mgz
LFQ_Orbitrap_AIF_Human_01.uncompressed.mzML,<MSCODEC_ROOT>\benchmark\data_StackZDPD\LFQ_Orbitrap_AIF_Human_01.uncompressed.mzML,masscomp,MassComp,ok,1988096205,541412273,3.6720560359369614,0.2723269988838392,165.7609550000634,"Elapsed time includes mzML to mzXML conversion with 64-bit m/z, 32-bit intensity, and 64-bit rt. masscomp.cmd uses the 64-bit-safe MassComp build when available, so >2GB mzXML files do not trigger the original tinyxml2 file-length overflow.",<MSCODEC_ROOT>\benchmark\compression_benchmark_runs\data_stackzdpd_lfq_aif_01_02_all_methods_w2_20260526\LFQ_Orbitrap_AIF_Human_01.uncompressed_18afeca8\masscomp,<MSCODEC_ROOT>\benchmark\compression_benchmark_runs\data_stackzdpd_lfq_aif_01_02_all_methods_w2_20260526\LFQ_Orbitrap_AIF_Human_01.uncompressed_18afeca8\masscomp\LFQ_Orbitrap_AIF_Human_01.uncompressed.masscomp
LFQ_Orbitrap_AIF_Human_01.uncompressed.mzML,<MSCODEC_ROOT>\benchmark\data_StackZDPD\LFQ_Orbitrap_AIF_Human_01.uncompressed.mzML,airdpro,airdpro-compress,ok,1988096205,493546905,4.0281808777627734,0.24825101710809816,151.7175559999887,,<MSCODEC_ROOT>\benchmark\compression_benchmark_runs\data_stackzdpd_lfq_aif_01_02_all_methods_w2_20260526\LFQ_Orbitrap_AIF_Human_01.uncompressed_18afeca8\airdpro,<MSCODEC_ROOT>\benchmark\compression_benchmark_runs\data_stackzdpd_lfq_aif_01_02_all_methods_w2_20260526\LFQ_Orbitrap_AIF_Human_01.uncompressed_18afeca8\airdpro\LFQ_Orbitrap_AIF_Human_01.uncompressed.aird; <MSCODEC_ROOT>\benchmark\compression_benchmark_runs\data_stackzdpd_lfq_aif_01_02_all_methods_w2_20260526\LFQ_Orbitrap_AIF_Human_01.uncompressed_18afeca8\airdpro\LFQ_Orbitrap_AIF_Human_01.uncompressed.json
LFQ_Orbitrap_AIF_Human_01.uncompressed.mzML,<MSCODEC_ROOT>\benchmark\data_StackZDPD\LFQ_Orbitrap_AIF_Human_01.uncompressed.mzML,zdpd,ZDPD wrapper,ok,1988096205,501574155,3.9637134114296617,0.2522886738270294,164.72325220005587,zdpd.cmd calls airdpro-compress.cmd; config used: ZDPD.,<MSCODEC_ROOT>\benchmark\compression_benchmark_runs\data_stackzdpd_lfq_aif_01_02_all_methods_w2_20260526\LFQ_Orbitrap_AIF_Human_01.uncompressed_18afeca8\zdpd,<MSCODEC_ROOT>\benchmark\compression_benchmark_runs\data_stackzdpd_lfq_aif_01_02_all_methods_w2_20260526\LFQ_Orbitrap_AIF_Human_01.uncompressed_18afeca8\zdpd\LFQ_Orbitrap_AIF_Human_01.uncompressed_with_zero_ZDPD.aird; <MSCODEC_ROOT>\benchmark\compression_benchmark_runs\data_stackzdpd_lfq_aif_01_02_all_methods_w2_20260526\LFQ_Orbitrap_AIF_Human_01.uncompressed_18afeca8\zdpd\LFQ_Orbitrap_AIF_Human_01.uncompressed_with_zero_ZDPD.json
LFQ_Orbitrap_AIF_Human_01.uncompressed.mzML,<MSCODEC_ROOT>\benchmark\data_StackZDPD\LFQ_Orbitrap_AIF_Human_01.uncompressed.mzML,stackzdpd,StackZDPD wrapper,error,1988096205,,,,49.09149649995379,AirdPro wrapper returned a non-zero exit code.,<MSCODEC_ROOT>\benchmark\compression_benchmark_runs\data_stackzdpd_lfq_aif_01_02_all_methods_w2_20260526\LFQ_Orbitrap_AIF_Human_01.uncompressed_18afeca8\stackzdpd,
LFQ_Orbitrap_AIF_Human_01.uncompressed.mzML,<MSCODEC_ROOT>\benchmark\data_StackZDPD\LFQ_Orbitrap_AIF_Human_01.uncompressed.mzML,trackcodec,TrackCodec,ok,1988096205,391756776,5.074822764520606,0.19705121664371367,1257.6745690000243,Stats JSON: <MSCODEC_ROOT>\benchmark\compression_benchmark_runs\data_stackzdpd_lfq_aif_01_02_all_methods_w2_20260526\LFQ_Orbitrap_AIF_Human_01.uncompressed_18afeca8\trackcodec\LFQ_Orbitrap_AIF_Human_01.uncompressed.stats.json,<MSCODEC_ROOT>\benchmark\compression_benchmark_runs\data_stackzdpd_lfq_aif_01_02_all_methods_w2_20260526\LFQ_Orbitrap_AIF_Human_01.uncompressed_18afeca8\trackcodec,<MSCODEC_ROOT>\benchmark\compression_benchmark_runs\data_stackzdpd_lfq_aif_01_02_all_methods_w2_20260526\LFQ_Orbitrap_AIF_Human_01.uncompressed_18afeca8\trackcodec\LFQ_Orbitrap_AIF_Human_01.uncompressed.tcarchive
LFQ_Orbitrap_AIF_Human_02.uncompressed.mzML,<MSCODEC_ROOT>\benchmark\data_StackZDPD\LFQ_Orbitrap_AIF_Human_02.uncompressed.mzML,msconvert_zlib,msconvert zlib,ok,1935259044,1935260521,0.9999992367952615,1.0000007632053212,205.29862619994674,,<MSCODEC_ROOT>\benchmark\compression_benchmark_runs\data_stackzdpd_lfq_aif_01_02_all_methods_w2_20260526\LFQ_Orbitrap_AIF_Human_02.uncompressed_6b9e2e54\msconvert_zlib,<MSCODEC_ROOT>\benchmark\compression_benchmark_runs\data_stackzdpd_lfq_aif_01_02_all_methods_w2_20260526\LFQ_Orbitrap_AIF_Human_02.uncompressed_6b9e2e54\msconvert_zlib\LFQ_Orbitrap_AIF_Human_02.mzML; <MSCODEC_ROOT>\benchmark\compression_benchmark_runs\data_stackzdpd_lfq_aif_01_02_all_methods_w2_20260526\LFQ_Orbitrap_AIF_Human_02.uncompressed_6b9e2e54\msconvert_zlib\msconvert.stderr.log; <MSCODEC_ROOT>\benchmark\compression_benchmark_runs\data_stackzdpd_lfq_aif_01_02_all_methods_w2_20260526\LFQ_Orbitrap_AIF_Human_02.uncompressed_6b9e2e54\msconvert_zlib\msconvert.stdout.log
LFQ_Orbitrap_AIF_Human_02.uncompressed.mzML,<MSCODEC_ROOT>\benchmark\data_StackZDPD\LFQ_Orbitrap_AIF_Human_02.uncompressed.mzML,msconvert_gzip,msconvert gzip,ok,1935259044,645513535,2.998014664402041,0.33355407225783257,282.1527037998894,,<MSCODEC_ROOT>\benchmark\compression_benchmark_runs\data_stackzdpd_lfq_aif_01_02_all_methods_w2_20260526\LFQ_Orbitrap_AIF_Human_02.uncompressed_6b9e2e54\msconvert_gzip,<MSCODEC_ROOT>\benchmark\compression_benchmark_runs\data_stackzdpd_lfq_aif_01_02_all_methods_w2_20260526\LFQ_Orbitrap_AIF_Human_02.uncompressed_6b9e2e54\msconvert_gzip\LFQ_Orbitrap_AIF_Human_02.mzML.gz; <MSCODEC_ROOT>\benchmark\compression_benchmark_runs\data_stackzdpd_lfq_aif_01_02_all_methods_w2_20260526\LFQ_Orbitrap_AIF_Human_02.uncompressed_6b9e2e54\msconvert_gzip\msconvert.stderr.log; <MSCODEC_ROOT>\benchmark\compression_benchmark_runs\data_stackzdpd_lfq_aif_01_02_all_methods_w2_20260526\LFQ_Orbitrap_AIF_Human_02.uncompressed_6b9e2e54\msconvert_gzip\msconvert.stdout.log
LFQ_Orbitrap_AIF_Human_02.uncompressed.mzML,<MSCODEC_ROOT>\benchmark\data_StackZDPD\LFQ_Orbitrap_AIF_Human_02.uncompressed.mzML,msconvert_numpress,msconvert numpressAll+zlib,ok,1935259044,1802084056,1.0739005417403238,0.9311849292667612,158.5567550000269,,<MSCODEC_ROOT>\benchmark\compression_benchmark_runs\data_stackzdpd_lfq_aif_01_02_all_methods_w2_20260526\LFQ_Orbitrap_AIF_Human_02.uncompressed_6b9e2e54\msconvert_numpress,<MSCODEC_ROOT>\benchmark\compression_benchmark_runs\data_stackzdpd_lfq_aif_01_02_all_methods_w2_20260526\LFQ_Orbitrap_AIF_Human_02.uncompressed_6b9e2e54\msconvert_numpress\LFQ_Orbitrap_AIF_Human_02.mzML; <MSCODEC_ROOT>\benchmark\compression_benchmark_runs\data_stackzdpd_lfq_aif_01_02_all_methods_w2_20260526\LFQ_Orbitrap_AIF_Human_02.uncompressed_6b9e2e54\msconvert_numpress\msconvert.stderr.log; <MSCODEC_ROOT>\benchmark\compression_benchmark_runs\data_stackzdpd_lfq_aif_01_02_all_methods_w2_20260526\LFQ_Orbitrap_AIF_Human_02.uncompressed_6b9e2e54\msconvert_numpress\msconvert.stdout.log
LFQ_Orbitrap_AIF_Human_02.uncompressed.mzML,<MSCODEC_ROOT>\benchmark\data_StackZDPD\LFQ_Orbitrap_AIF_Human_02.uncompressed.mzML,mspack,mspack,ok,1935259044,402035129,4.813656579746294,0.2077422814513921,244.82862159993965,"Elapsed time includes msconvert normalization to uncompressed, non-indexed mzML with 64-bit m/z, 32-bit intensity, and 64-bit rt; mspack cannot read zlib-compressed binary arrays.",<MSCODEC_ROOT>\benchmark\compression_benchmark_runs\data_stackzdpd_lfq_aif_01_02_all_methods_w2_20260526\LFQ_Orbitrap_AIF_Human_02.uncompressed_6b9e2e54\mspack,<MSCODEC_ROOT>\benchmark\compression_benchmark_runs\data_stackzdpd_lfq_aif_01_02_all_methods_w2_20260526\LFQ_Orbitrap_AIF_Human_02.uncompressed_6b9e2e54\mspack\LFQ_Orbitrap_AIF_Human_02.uncompressed.mgz
LFQ_Orbitrap_AIF_Human_02.uncompressed.mzML,<MSCODEC_ROOT>\benchmark\data_StackZDPD\LFQ_Orbitrap_AIF_Human_02.uncompressed.mzML,masscomp,MassComp,ok,1935259044,502761281,3.849260309287819,0.2597901725656527,170.7334925001487,"Elapsed time includes mzML to mzXML conversion with 64-bit m/z, 32-bit intensity, and 64-bit rt. masscomp.cmd uses the 64-bit-safe MassComp build when available, so >2GB mzXML files do not trigger the original tinyxml2 file-length overflow.",<MSCODEC_ROOT>\benchmark\compression_benchmark_runs\data_stackzdpd_lfq_aif_01_02_all_methods_w2_20260526\LFQ_Orbitrap_AIF_Human_02.uncompressed_6b9e2e54\masscomp,<MSCODEC_ROOT>\benchmark\compression_benchmark_runs\data_stackzdpd_lfq_aif_01_02_all_methods_w2_20260526\LFQ_Orbitrap_AIF_Human_02.uncompressed_6b9e2e54\masscomp\LFQ_Orbitrap_AIF_Human_02.uncompressed.masscomp
LFQ_Orbitrap_AIF_Human_02.uncompressed.mzML,<MSCODEC_ROOT>\benchmark\data_StackZDPD\LFQ_Orbitrap_AIF_Human_02.uncompressed.mzML,airdpro,airdpro-compress,ok,1935259044,460417551,4.20326948830845,0.23791003712265818,168.90234200004488,,<MSCODEC_ROOT>\benchmark\compression_benchmark_runs\data_stackzdpd_lfq_aif_01_02_all_methods_w2_20260526\LFQ_Orbitrap_AIF_Human_02.uncompressed_6b9e2e54\airdpro,<MSCODEC_ROOT>\benchmark\compression_benchmark_runs\data_stackzdpd_lfq_aif_01_02_all_methods_w2_20260526\LFQ_Orbitrap_AIF_Human_02.uncompressed_6b9e2e54\airdpro\LFQ_Orbitrap_AIF_Human_02.uncompressed.aird; <MSCODEC_ROOT>\benchmark\compression_benchmark_runs\data_stackzdpd_lfq_aif_01_02_all_methods_w2_20260526\LFQ_Orbitrap_AIF_Human_02.uncompressed_6b9e2e54\airdpro\LFQ_Orbitrap_AIF_Human_02.uncompressed.json
LFQ_Orbitrap_AIF_Human_02.uncompressed.mzML,<MSCODEC_ROOT>\benchmark\data_StackZDPD\LFQ_Orbitrap_AIF_Human_02.uncompressed.mzML,zdpd,ZDPD wrapper,ok,1935259044,468445382,4.13123731893252,0.24205823166275822,165.1988233999582,zdpd.cmd calls airdpro-compress.cmd; config used: ZDPD.,<MSCODEC_ROOT>\benchmark\compression_benchmark_runs\data_stackzdpd_lfq_aif_01_02_all_methods_w2_20260526\LFQ_Orbitrap_AIF_Human_02.uncompressed_6b9e2e54\zdpd,<MSCODEC_ROOT>\benchmark\compression_benchmark_runs\data_stackzdpd_lfq_aif_01_02_all_methods_w2_20260526\LFQ_Orbitrap_AIF_Human_02.uncompressed_6b9e2e54\zdpd\LFQ_Orbitrap_AIF_Human_02.uncompressed_with_zero_ZDPD.aird; <MSCODEC_ROOT>\benchmark\compression_benchmark_runs\data_stackzdpd_lfq_aif_01_02_all_methods_w2_20260526\LFQ_Orbitrap_AIF_Human_02.uncompressed_6b9e2e54\zdpd\LFQ_Orbitrap_AIF_Human_02.uncompressed_with_zero_ZDPD.json
LFQ_Orbitrap_AIF_Human_02.uncompressed.mzML,<MSCODEC_ROOT>\benchmark\data_StackZDPD\LFQ_Orbitrap_AIF_Human_02.uncompressed.mzML,stackzdpd,StackZDPD wrapper,error,1935259044,,,,49.2385828999104,AirdPro wrapper returned a non-zero exit code.,<MSCODEC_ROOT>\benchmark\compression_benchmark_runs\data_stackzdpd_lfq_aif_01_02_all_methods_w2_20260526\LFQ_Orbitrap_AIF_Human_02.uncompressed_6b9e2e54\stackzdpd,
LFQ_Orbitrap_AIF_Human_02.uncompressed.mzML,<MSCODEC_ROOT>\benchmark\data_StackZDPD\LFQ_Orbitrap_AIF_Human_02.uncompressed.mzML,trackcodec,TrackCodec,ok,1935259044,363695655,5.321094759848038,0.18793125195698607,1171.9252151000546,Stats JSON: <MSCODEC_ROOT>\benchmark\compression_benchmark_runs\data_stackzdpd_lfq_aif_01_02_all_methods_w2_20260526\LFQ_Orbitrap_AIF_Human_02.uncompressed_6b9e2e54\trackcodec\LFQ_Orbitrap_AIF_Human_02.uncompressed.stats.json,<MSCODEC_ROOT>\benchmark\compression_benchmark_runs\data_stackzdpd_lfq_aif_01_02_all_methods_w2_20260526\LFQ_Orbitrap_AIF_Human_02.uncompressed_6b9e2e54\trackcodec,<MSCODEC_ROOT>\benchmark\compression_benchmark_runs\data_stackzdpd_lfq_aif_01_02_all_methods_w2_20260526\LFQ_Orbitrap_AIF_Human_02.uncompressed_6b9e2e54\trackcodec\LFQ_Orbitrap_AIF_Human_02.uncompressed.tcarchive
