"file_name","input_path","method","method_label","status","original_size_bytes","compressed_size_bytes","compression_ratio","compression_rate","elapsed_seconds","note","method_dir","output_files"
"File18_LFQ_TTOF6600_DDA_Human_01.uncompressed.mzML","<MSCODEC_ROOT>\benchmark\data_StackZDPD\File18_LFQ_TTOF6600_DDA_Human_01.uncompressed.mzML","msconvert_zlib","msconvert zlib","ok","17798033976","10268368987","1.7332873408165148","0.5769383854894603","1557.6792226999532","","<MSCODEC_ROOT>\benchmark\compression_benchmark_runs\data_stackzdpd_lt20g_all_methods_w5_size_desc_20260521\File18_LFQ_TTOF6600_DDA_Human_01.uncompressed_9db0df7a\msconvert_zlib","<MSCODEC_ROOT>\benchmark\compression_benchmark_runs\data_stackzdpd_lt20g_all_methods_w5_size_desc_20260521\File18_LFQ_TTOF6600_DDA_Human_01.uncompressed_9db0df7a\msconvert_zlib\File18_LFQ_TTOF6600_DDA_Human_01.mzML; <MSCODEC_ROOT>\benchmark\compression_benchmark_runs\data_stackzdpd_lt20g_all_methods_w5_size_desc_20260521\File18_LFQ_TTOF6600_DDA_Human_01.uncompressed_9db0df7a\msconvert_zlib\msconvert.stderr.log; <MSCODEC_ROOT>\benchmark\compression_benchmark_runs\data_stackzdpd_lt20g_all_methods_w5_size_desc_20260521\File18_LFQ_TTOF6600_DDA_Human_01.uncompressed_9db0df7a\msconvert_zlib\msconvert.stdout.log"
"File18_LFQ_TTOF6600_DDA_Human_01.uncompressed.mzML","<MSCODEC_ROOT>\benchmark\data_StackZDPD\File18_LFQ_TTOF6600_DDA_Human_01.uncompressed.mzML","msconvert_gzip","msconvert gzip","ok","17798033976","8827117645","2.016290559589568","0.4959602648754939","3416.067822700017","","<MSCODEC_ROOT>\benchmark\compression_benchmark_runs\data_stackzdpd_lt20g_all_methods_w5_size_desc_20260521\File18_LFQ_TTOF6600_DDA_Human_01.uncompressed_9db0df7a\msconvert_gzip","<MSCODEC_ROOT>\benchmark\compression_benchmark_runs\data_stackzdpd_lt20g_all_methods_w5_size_desc_20260521\File18_LFQ_TTOF6600_DDA_Human_01.uncompressed_9db0df7a\msconvert_gzip\File18_LFQ_TTOF6600_DDA_Human_01.mzML.gz; <MSCODEC_ROOT>\benchmark\compression_benchmark_runs\data_stackzdpd_lt20g_all_methods_w5_size_desc_20260521\File18_LFQ_TTOF6600_DDA_Human_01.uncompressed_9db0df7a\msconvert_gzip\msconvert.stderr.log; <MSCODEC_ROOT>\benchmark\compression_benchmark_runs\data_stackzdpd_lt20g_all_methods_w5_size_desc_20260521\File18_LFQ_TTOF6600_DDA_Human_01.uncompressed_9db0df7a\msconvert_gzip\msconvert.stdout.log"
"File18_LFQ_TTOF6600_DDA_Human_01.uncompressed.mzML","<MSCODEC_ROOT>\benchmark\data_StackZDPD\File18_LFQ_TTOF6600_DDA_Human_01.uncompressed.mzML","msconvert_numpress","msconvert numpressAll+zlib","ok","17798033976","3245543557","5.483837657212499","0.18235404884474865","435.60424610000337","","<MSCODEC_ROOT>\benchmark\compression_benchmark_runs\data_stackzdpd_lt20g_all_methods_w5_size_desc_20260521\File18_LFQ_TTOF6600_DDA_Human_01.uncompressed_9db0df7a\msconvert_numpress","<MSCODEC_ROOT>\benchmark\compression_benchmark_runs\data_stackzdpd_lt20g_all_methods_w5_size_desc_20260521\File18_LFQ_TTOF6600_DDA_Human_01.uncompressed_9db0df7a\msconvert_numpress\File18_LFQ_TTOF6600_DDA_Human_01.mzML; <MSCODEC_ROOT>\benchmark\compression_benchmark_runs\data_stackzdpd_lt20g_all_methods_w5_size_desc_20260521\File18_LFQ_TTOF6600_DDA_Human_01.uncompressed_9db0df7a\msconvert_numpress\msconvert.stderr.log; <MSCODEC_ROOT>\benchmark\compression_benchmark_runs\data_stackzdpd_lt20g_all_methods_w5_size_desc_20260521\File18_LFQ_TTOF6600_DDA_Human_01.uncompressed_9db0df7a\msconvert_numpress\msconvert.stdout.log"
"File18_LFQ_TTOF6600_DDA_Human_01.uncompressed.mzML","<MSCODEC_ROOT>\benchmark\data_StackZDPD\File18_LFQ_TTOF6600_DDA_Human_01.uncompressed.mzML","mspack","mspack","ok","17798033976","4264656266","4.1733806585761535","0.23961389621745488","5913.459427600028","Elapsed time includes msconvert normalization to uncompressed, non-indexed mzML with 64-bit m/z, 32-bit intensity, and 64-bit rt; mspack cannot read zlib-compressed binary arrays.","<MSCODEC_ROOT>\mspack_fix64_20files_20260523\File18_LFQ_TTOF6600_DDA_Human_01.uncompressed_9db0df7a\mspack","<MSCODEC_ROOT>\mspack_fix64_20files_20260523\File18_LFQ_TTOF6600_DDA_Human_01.uncompressed_9db0df7a\mspack\File18_LFQ_TTOF6600_DDA_Human_01.uncompressed.mgz"
"File18_LFQ_TTOF6600_DDA_Human_01.uncompressed.mzML","<MSCODEC_ROOT>\benchmark\data_StackZDPD\File18_LFQ_TTOF6600_DDA_Human_01.uncompressed.mzML","masscomp","MassComp","ok","17798033976","6850716161","2.5979815186799415","0.38491420851527425","11633.358822899987","Elapsed time includes mzML to mzXML conversion with 64-bit m/z, 32-bit intensity, and 64-bit rt. masscomp.cmd uses the 64-bit-safe MassComp build when available, so >2GB mzXML files do not trigger the original tinyxml2 file-length overflow.","<MSCODEC_ROOT>\masscomp_mz64int32_w10_20260522_run3\File18_LFQ_TTOF6600_DDA_Human_01.uncompressed_9db0df7a\masscomp","<MSCODEC_ROOT>\masscomp_mz64int32_w10_20260522_run3\File18_LFQ_TTOF6600_DDA_Human_01.uncompressed_9db0df7a\masscomp\File18_LFQ_TTOF6600_DDA_Human_01.uncompressed.masscomp"
"File18_LFQ_TTOF6600_DDA_Human_01.uncompressed.mzML","<MSCODEC_ROOT>\benchmark\data_StackZDPD\File18_LFQ_TTOF6600_DDA_Human_01.uncompressed.mzML","airdpro","airdpro-compress","ok","17798033976","1916363949","9.287397618436414","0.10767278855541837","435.10326870001154","","<MSCODEC_ROOT>\benchmark\compression_benchmark_runs\data_stackzdpd_lt20g_all_methods_w5_size_desc_20260521\File18_LFQ_TTOF6600_DDA_Human_01.uncompressed_9db0df7a\airdpro","<MSCODEC_ROOT>\benchmark\compression_benchmark_runs\data_stackzdpd_lt20g_all_methods_w5_size_desc_20260521\File18_LFQ_TTOF6600_DDA_Human_01.uncompressed_9db0df7a\airdpro\File18_LFQ_TTOF6600_DDA_Human_01.uncompressed.aird; <MSCODEC_ROOT>\benchmark\compression_benchmark_runs\data_stackzdpd_lt20g_all_methods_w5_size_desc_20260521\File18_LFQ_TTOF6600_DDA_Human_01.uncompressed_9db0df7a\airdpro\File18_LFQ_TTOF6600_DDA_Human_01.uncompressed.json"
"File18_LFQ_TTOF6600_DDA_Human_01.uncompressed.mzML","<MSCODEC_ROOT>\benchmark\data_StackZDPD\File18_LFQ_TTOF6600_DDA_Human_01.uncompressed.mzML","zdpd","ZDPD wrapper","ok","17798033976","1915820294","9.290033116227132","0.10764224276588155","425.1658640000387","zdpd.cmd calls airdpro-compress.cmd; config used: ZDPD.","<MSCODEC_ROOT>\benchmark\compression_benchmark_runs\data_stackzdpd_lt20g_all_methods_w5_size_desc_20260521\File18_LFQ_TTOF6600_DDA_Human_01.uncompressed_9db0df7a\zdpd","<MSCODEC_ROOT>\benchmark\compression_benchmark_runs\data_stackzdpd_lt20g_all_methods_w5_size_desc_20260521\File18_LFQ_TTOF6600_DDA_Human_01.uncompressed_9db0df7a\zdpd\File18_LFQ_TTOF6600_DDA_Human_01.uncompressed_with_zero_ZDPD.aird; <MSCODEC_ROOT>\benchmark\compression_benchmark_runs\data_stackzdpd_lt20g_all_methods_w5_size_desc_20260521\File18_LFQ_TTOF6600_DDA_Human_01.uncompressed_9db0df7a\zdpd\File18_LFQ_TTOF6600_DDA_Human_01.uncompressed_with_zero_ZDPD.json"
"File18_LFQ_TTOF6600_DDA_Human_01.uncompressed.mzML","<MSCODEC_ROOT>\benchmark\data_StackZDPD\File18_LFQ_TTOF6600_DDA_Human_01.uncompressed.mzML","stackzdpd","StackZDPD wrapper","ok","17798033976","1858067467","9.578787795438","0.10439734352151121","947.2258172000293","stackzdpd.cmd calls airdpro-compress.cmd; config used: StackZDPD.","<MSCODEC_ROOT>\benchmark\compression_benchmark_runs\data_stackzdpd_lt20g_all_methods_w5_size_desc_20260521\File18_LFQ_TTOF6600_DDA_Human_01.uncompressed_9db0df7a\stackzdpd","<MSCODEC_ROOT>\benchmark\compression_benchmark_runs\data_stackzdpd_lt20g_all_methods_w5_size_desc_20260521\File18_LFQ_TTOF6600_DDA_Human_01.uncompressed_9db0df7a\stackzdpd\File18_LFQ_TTOF6600_DDA_Human_01.uncompressed_with_zero_StackZDPD.aird; <MSCODEC_ROOT>\benchmark\compression_benchmark_runs\data_stackzdpd_lt20g_all_methods_w5_size_desc_20260521\File18_LFQ_TTOF6600_DDA_Human_01.uncompressed_9db0df7a\stackzdpd\File18_LFQ_TTOF6600_DDA_Human_01.uncompressed_with_zero_StackZDPD.json"
"File18_LFQ_TTOF6600_DDA_Human_01.uncompressed.mzML","<MSCODEC_ROOT>\benchmark\data_StackZDPD\File18_LFQ_TTOF6600_DDA_Human_01.uncompressed.mzML","trackcodec","TrackCodec","ok","17798033976","1859011827","9.573921864026957","0.10445040331459136","24523.513758199988","Stats JSON: <MSCODEC_ROOT>\benchmark\compression_benchmark_runs\data_stackzdpd_lt20g_all_methods_w5_size_desc_20260521\File18_LFQ_TTOF6600_DDA_Human_01.uncompressed_9db0df7a\trackcodec\File18_LFQ_TTOF6600_DDA_Human_01.uncompressed.stats.json","<MSCODEC_ROOT>\benchmark\compression_benchmark_runs\data_stackzdpd_lt20g_all_methods_w5_size_desc_20260521\File18_LFQ_TTOF6600_DDA_Human_01.uncompressed_9db0df7a\trackcodec","<MSCODEC_ROOT>\benchmark\compression_benchmark_runs\data_stackzdpd_lt20g_all_methods_w5_size_desc_20260521\File18_LFQ_TTOF6600_DDA_Human_01.uncompressed_9db0df7a\trackcodec\File18_LFQ_TTOF6600_DDA_Human_01.uncompressed.tcarchive"
"File15_LFQ_Orbitrap_DDA_Human_01.uncompressed.mzML","<MSCODEC_ROOT>\benchmark\data_StackZDPD\File15_LFQ_Orbitrap_DDA_Human_01.uncompressed.mzML","msconvert_zlib","msconvert zlib","ok","13782862091","9425977802","1.4622209367048964","0.6838911787527078","1065.3432296999963","","<MSCODEC_ROOT>\benchmark\compression_benchmark_runs\data_stackzdpd_lt20g_all_methods_w5_size_desc_20260521\File15_LFQ_Orbitrap_DDA_Human_01.uncompressed_6c6474f4\msconvert_zlib","<MSCODEC_ROOT>\benchmark\compression_benchmark_runs\data_stackzdpd_lt20g_all_methods_w5_size_desc_20260521\File15_LFQ_Orbitrap_DDA_Human_01.uncompressed_6c6474f4\msconvert_zlib\File15_LFQ_Orbitrap_DDA_Human_01.mzML; <MSCODEC_ROOT>\benchmark\compression_benchmark_runs\data_stackzdpd_lt20g_all_methods_w5_size_desc_20260521\File15_LFQ_Orbitrap_DDA_Human_01.uncompressed_6c6474f4\msconvert_zlib\msconvert.stderr.log; <MSCODEC_ROOT>\benchmark\compression_benchmark_runs\data_stackzdpd_lt20g_all_methods_w5_size_desc_20260521\File15_LFQ_Orbitrap_DDA_Human_01.uncompressed_6c6474f4\msconvert_zlib\msconvert.stdout.log"
"File15_LFQ_Orbitrap_DDA_Human_01.uncompressed.mzML","<MSCODEC_ROOT>\benchmark\data_StackZDPD\File15_LFQ_Orbitrap_DDA_Human_01.uncompressed.mzML","msconvert_gzip","msconvert gzip","ok","13782862091","7637191982","1.8047028441192328","0.5541078428831535","1303.3522861000383","","<MSCODEC_ROOT>\benchmark\compression_benchmark_runs\data_stackzdpd_lt20g_all_methods_w5_size_desc_20260521\File15_LFQ_Orbitrap_DDA_Human_01.uncompressed_6c6474f4\msconvert_gzip","<MSCODEC_ROOT>\benchmark\compression_benchmark_runs\data_stackzdpd_lt20g_all_methods_w5_size_desc_20260521\File15_LFQ_Orbitrap_DDA_Human_01.uncompressed_6c6474f4\msconvert_gzip\File15_LFQ_Orbitrap_DDA_Human_01.mzML.gz; <MSCODEC_ROOT>\benchmark\compression_benchmark_runs\data_stackzdpd_lt20g_all_methods_w5_size_desc_20260521\File15_LFQ_Orbitrap_DDA_Human_01.uncompressed_6c6474f4\msconvert_gzip\msconvert.stderr.log; <MSCODEC_ROOT>\benchmark\compression_benchmark_runs\data_stackzdpd_lt20g_all_methods_w5_size_desc_20260521\File15_LFQ_Orbitrap_DDA_Human_01.uncompressed_6c6474f4\msconvert_gzip\msconvert.stdout.log"
"File15_LFQ_Orbitrap_DDA_Human_01.uncompressed.mzML","<MSCODEC_ROOT>\benchmark\data_StackZDPD\File15_LFQ_Orbitrap_DDA_Human_01.uncompressed.mzML","msconvert_numpress","msconvert numpressAll+zlib","ok","13782862091","3184458454","4.328165146474855","0.2310447883012196","342.1355939999921","","<MSCODEC_ROOT>\benchmark\compression_benchmark_runs\data_stackzdpd_lt20g_all_methods_w5_size_desc_20260521\File15_LFQ_Orbitrap_DDA_Human_01.uncompressed_6c6474f4\msconvert_numpress","<MSCODEC_ROOT>\benchmark\compression_benchmark_runs\data_stackzdpd_lt20g_all_methods_w5_size_desc_20260521\File15_LFQ_Orbitrap_DDA_Human_01.uncompressed_6c6474f4\msconvert_numpress\File15_LFQ_Orbitrap_DDA_Human_01.mzML; <MSCODEC_ROOT>\benchmark\compression_benchmark_runs\data_stackzdpd_lt20g_all_methods_w5_size_desc_20260521\File15_LFQ_Orbitrap_DDA_Human_01.uncompressed_6c6474f4\msconvert_numpress\msconvert.stderr.log; <MSCODEC_ROOT>\benchmark\compression_benchmark_runs\data_stackzdpd_lt20g_all_methods_w5_size_desc_20260521\File15_LFQ_Orbitrap_DDA_Human_01.uncompressed_6c6474f4\msconvert_numpress\msconvert.stdout.log"
"File15_LFQ_Orbitrap_DDA_Human_01.uncompressed.mzML","<MSCODEC_ROOT>\benchmark\data_StackZDPD\File15_LFQ_Orbitrap_DDA_Human_01.uncompressed.mzML","mspack","mspack","ok","13782862091","3934732114","3.5028717817814825","0.2854800467436528","6366.650777700124","Elapsed time includes msconvert normalization to uncompressed, non-indexed mzML with 64-bit m/z, 32-bit intensity, and 64-bit rt; mspack cannot read zlib-compressed binary arrays.","<MSCODEC_ROOT>\mspack_fix64_20files_20260523\File15_LFQ_Orbitrap_DDA_Human_01.uncompressed_6c6474f4\mspack","<MSCODEC_ROOT>\mspack_fix64_20files_20260523\File15_LFQ_Orbitrap_DDA_Human_01.uncompressed_6c6474f4\mspack\File15_LFQ_Orbitrap_DDA_Human_01.uncompressed.mgz"
"File15_LFQ_Orbitrap_DDA_Human_01.uncompressed.mzML","<MSCODEC_ROOT>\benchmark\data_StackZDPD\File15_LFQ_Orbitrap_DDA_Human_01.uncompressed.mzML","masscomp","MassComp","ok","13782862091","6295697852","2.1892508844943217","0.4567772506489052","11166.481337300036","Elapsed time includes mzML to mzXML conversion with 64-bit m/z, 32-bit intensity, and 64-bit rt. masscomp.cmd uses the 64-bit-safe MassComp build when available, so >2GB mzXML files do not trigger the original tinyxml2 file-length overflow.","<MSCODEC_ROOT>\masscomp_mz64int32_w10_20260522_run3\File15_LFQ_Orbitrap_DDA_Human_01.uncompressed_6c6474f4\masscomp","<MSCODEC_ROOT>\masscomp_mz64int32_w10_20260522_run3\File15_LFQ_Orbitrap_DDA_Human_01.uncompressed_6c6474f4\masscomp\File15_LFQ_Orbitrap_DDA_Human_01.uncompressed.masscomp"
"File15_LFQ_Orbitrap_DDA_Human_01.uncompressed.mzML","<MSCODEC_ROOT>\benchmark\data_StackZDPD\File15_LFQ_Orbitrap_DDA_Human_01.uncompressed.mzML","airdpro","airdpro-compress","ok","13782862091","2294648389","6.00652464101767","0.16648562351199686","388.8235917999991","","<MSCODEC_ROOT>\benchmark\compression_benchmark_runs\data_stackzdpd_lt20g_all_methods_w5_size_desc_20260521\File15_LFQ_Orbitrap_DDA_Human_01.uncompressed_6c6474f4\airdpro","<MSCODEC_ROOT>\benchmark\compression_benchmark_runs\data_stackzdpd_lt20g_all_methods_w5_size_desc_20260521\File15_LFQ_Orbitrap_DDA_Human_01.uncompressed_6c6474f4\airdpro\File15_LFQ_Orbitrap_DDA_Human_01.uncompressed.aird; <MSCODEC_ROOT>\benchmark\compression_benchmark_runs\data_stackzdpd_lt20g_all_methods_w5_size_desc_20260521\File15_LFQ_Orbitrap_DDA_Human_01.uncompressed_6c6474f4\airdpro\File15_LFQ_Orbitrap_DDA_Human_01.uncompressed.json"
"File15_LFQ_Orbitrap_DDA_Human_01.uncompressed.mzML","<MSCODEC_ROOT>\benchmark\data_StackZDPD\File15_LFQ_Orbitrap_DDA_Human_01.uncompressed.mzML","zdpd","ZDPD wrapper","ok","13782862091","2301026078","5.9898765262928935","0.16694834953783186","358.8563516999711","zdpd.cmd calls airdpro-compress.cmd; config used: ZDPD.","<MSCODEC_ROOT>\benchmark\compression_benchmark_runs\data_stackzdpd_lt20g_all_methods_w5_size_desc_20260521\File15_LFQ_Orbitrap_DDA_Human_01.uncompressed_6c6474f4\zdpd","<MSCODEC_ROOT>\benchmark\compression_benchmark_runs\data_stackzdpd_lt20g_all_methods_w5_size_desc_20260521\File15_LFQ_Orbitrap_DDA_Human_01.uncompressed_6c6474f4\zdpd\File15_LFQ_Orbitrap_DDA_Human_01.uncompressed_with_zero_ZDPD.aird; <MSCODEC_ROOT>\benchmark\compression_benchmark_runs\data_stackzdpd_lt20g_all_methods_w5_size_desc_20260521\File15_LFQ_Orbitrap_DDA_Human_01.uncompressed_6c6474f4\zdpd\File15_LFQ_Orbitrap_DDA_Human_01.uncompressed_with_zero_ZDPD.json"
"File15_LFQ_Orbitrap_DDA_Human_01.uncompressed.mzML","<MSCODEC_ROOT>\benchmark\data_StackZDPD\File15_LFQ_Orbitrap_DDA_Human_01.uncompressed.mzML","stackzdpd","StackZDPD wrapper","error","13782862091","","","","227.94550339999842","AirdPro wrapper returned a non-zero exit code.","<MSCODEC_ROOT>\benchmark\compression_benchmark_runs\data_stackzdpd_lt20g_all_methods_w5_size_desc_20260521\File15_LFQ_Orbitrap_DDA_Human_01.uncompressed_6c6474f4\stackzdpd",""
"File15_LFQ_Orbitrap_DDA_Human_01.uncompressed.mzML","<MSCODEC_ROOT>\benchmark\data_StackZDPD\File15_LFQ_Orbitrap_DDA_Human_01.uncompressed.mzML","trackcodec","TrackCodec","ok","13782862091","2034307963","6.775209231681113","0.14759691779317535","11776.875393000024","Stats JSON: <MSCODEC_ROOT>\benchmark\compression_benchmark_runs\data_stackzdpd_lt20g_all_methods_w5_size_desc_20260521\File15_LFQ_Orbitrap_DDA_Human_01.uncompressed_6c6474f4\trackcodec\File15_LFQ_Orbitrap_DDA_Human_01.uncompressed.stats.json","<MSCODEC_ROOT>\benchmark\compression_benchmark_runs\data_stackzdpd_lt20g_all_methods_w5_size_desc_20260521\File15_LFQ_Orbitrap_DDA_Human_01.uncompressed_6c6474f4\trackcodec","<MSCODEC_ROOT>\benchmark\compression_benchmark_runs\data_stackzdpd_lt20g_all_methods_w5_size_desc_20260521\File15_LFQ_Orbitrap_DDA_Human_01.uncompressed_6c6474f4\trackcodec\File15_LFQ_Orbitrap_DDA_Human_01.uncompressed.tcarchive"
"File2_20180722_L929_test_DDA_1.uncompressed.mzML","<MSCODEC_ROOT>\benchmark\data_StackZDPD\File2_20180722_L929_test_DDA_1.uncompressed.mzML","msconvert_zlib","msconvert zlib","ok","10104040332","5469200436","1.8474437809029678","0.5412884604863234","803.492339199991","","<MSCODEC_ROOT>\benchmark\compression_benchmark_runs\data_stackzdpd_lt20g_all_methods_w5_size_desc_20260521\File2_20180722_L929_test_DDA_1.uncompressed_d6fab1af\msconvert_zlib","<MSCODEC_ROOT>\benchmark\compression_benchmark_runs\data_stackzdpd_lt20g_all_methods_w5_size_desc_20260521\File2_20180722_L929_test_DDA_1.uncompressed_d6fab1af\msconvert_zlib\File2_20180722_L929_test_DDA_1-Sample004.mzML; <MSCODEC_ROOT>\benchmark\compression_benchmark_runs\data_stackzdpd_lt20g_all_methods_w5_size_desc_20260521\File2_20180722_L929_test_DDA_1.uncompressed_d6fab1af\msconvert_zlib\msconvert.stderr.log; <MSCODEC_ROOT>\benchmark\compression_benchmark_runs\data_stackzdpd_lt20g_all_methods_w5_size_desc_20260521\File2_20180722_L929_test_DDA_1.uncompressed_d6fab1af\msconvert_zlib\msconvert.stdout.log"
"File2_20180722_L929_test_DDA_1.uncompressed.mzML","<MSCODEC_ROOT>\benchmark\data_StackZDPD\File2_20180722_L929_test_DDA_1.uncompressed.mzML","msconvert_gzip","msconvert gzip","ok","10104040332","4657971073","2.1691934478872623","0.46100083926307905","1606.5090822000057","","<MSCODEC_ROOT>\benchmark\compression_benchmark_runs\data_stackzdpd_lt20g_all_methods_w5_size_desc_20260521\File2_20180722_L929_test_DDA_1.uncompressed_d6fab1af\msconvert_gzip","<MSCODEC_ROOT>\benchmark\compression_benchmark_runs\data_stackzdpd_lt20g_all_methods_w5_size_desc_20260521\File2_20180722_L929_test_DDA_1.uncompressed_d6fab1af\msconvert_gzip\File2_20180722_L929_test_DDA_1-Sample004.mzML.gz; <MSCODEC_ROOT>\benchmark\compression_benchmark_runs\data_stackzdpd_lt20g_all_methods_w5_size_desc_20260521\File2_20180722_L929_test_DDA_1.uncompressed_d6fab1af\msconvert_gzip\msconvert.stderr.log; <MSCODEC_ROOT>\benchmark\compression_benchmark_runs\data_stackzdpd_lt20g_all_methods_w5_size_desc_20260521\File2_20180722_L929_test_DDA_1.uncompressed_d6fab1af\msconvert_gzip\msconvert.stdout.log"
"File2_20180722_L929_test_DDA_1.uncompressed.mzML","<MSCODEC_ROOT>\benchmark\data_StackZDPD\File2_20180722_L929_test_DDA_1.uncompressed.mzML","msconvert_numpress","msconvert numpressAll+zlib","ok","10104040332","1575350589","6.413836007395558","0.15591293554230837","247.90358729998115","","<MSCODEC_ROOT>\benchmark\compression_benchmark_runs\data_stackzdpd_lt20g_all_methods_w5_size_desc_20260521\File2_20180722_L929_test_DDA_1.uncompressed_d6fab1af\msconvert_numpress","<MSCODEC_ROOT>\benchmark\compression_benchmark_runs\data_stackzdpd_lt20g_all_methods_w5_size_desc_20260521\File2_20180722_L929_test_DDA_1.uncompressed_d6fab1af\msconvert_numpress\File2_20180722_L929_test_DDA_1-Sample004.mzML; <MSCODEC_ROOT>\benchmark\compression_benchmark_runs\data_stackzdpd_lt20g_all_methods_w5_size_desc_20260521\File2_20180722_L929_test_DDA_1.uncompressed_d6fab1af\msconvert_numpress\msconvert.stderr.log; <MSCODEC_ROOT>\benchmark\compression_benchmark_runs\data_stackzdpd_lt20g_all_methods_w5_size_desc_20260521\File2_20180722_L929_test_DDA_1.uncompressed_d6fab1af\msconvert_numpress\msconvert.stdout.log"
"File2_20180722_L929_test_DDA_1.uncompressed.mzML","<MSCODEC_ROOT>\benchmark\data_StackZDPD\File2_20180722_L929_test_DDA_1.uncompressed.mzML","mspack","mspack","ok","10104040332","2238880727","4.512987320025289","0.22158271873770663","6171.890979100135","Elapsed time includes msconvert normalization to uncompressed, non-indexed mzML with 64-bit m/z, 32-bit intensity, and 64-bit rt; mspack cannot read zlib-compressed binary arrays.","<MSCODEC_ROOT>\mspack_fix64_20files_20260523\File2_20180722_L929_test_DDA_1.uncompressed_d6fab1af\mspack","<MSCODEC_ROOT>\mspack_fix64_20files_20260523\File2_20180722_L929_test_DDA_1.uncompressed_d6fab1af\mspack\File2_20180722_L929_test_DDA_1.uncompressed.mgz"
"File2_20180722_L929_test_DDA_1.uncompressed.mzML","<MSCODEC_ROOT>\benchmark\data_StackZDPD\File2_20180722_L929_test_DDA_1.uncompressed.mzML","masscomp","MassComp","ok","10104040332","3586004132","2.817632094128329","0.3549079392174382","10623.852703900018","Elapsed time includes mzML to mzXML conversion with 64-bit m/z, 32-bit intensity, and 64-bit rt. masscomp.cmd uses the 64-bit-safe MassComp build when available, so >2GB mzXML files do not trigger the original tinyxml2 file-length overflow.","<MSCODEC_ROOT>\masscomp_mz64int32_w10_20260522_run3\File2_20180722_L929_test_DDA_1.uncompressed_d6fab1af\masscomp","<MSCODEC_ROOT>\masscomp_mz64int32_w10_20260522_run3\File2_20180722_L929_test_DDA_1.uncompressed_d6fab1af\masscomp\File2_20180722_L929_test_DDA_1.uncompressed.masscomp"
"File2_20180722_L929_test_DDA_1.uncompressed.mzML","<MSCODEC_ROOT>\benchmark\data_StackZDPD\File2_20180722_L929_test_DDA_1.uncompressed.mzML","airdpro","airdpro-compress","ok","10104040332","889282949","11.362008394923132","0.08801260879606711","289.80999099998735","","<MSCODEC_ROOT>\benchmark\compression_benchmark_runs\data_stackzdpd_lt20g_all_methods_w5_size_desc_20260521\File2_20180722_L929_test_DDA_1.uncompressed_d6fab1af\airdpro","<MSCODEC_ROOT>\benchmark\compression_benchmark_runs\data_stackzdpd_lt20g_all_methods_w5_size_desc_20260521\File2_20180722_L929_test_DDA_1.uncompressed_d6fab1af\airdpro\File2_20180722_L929_test_DDA_1.uncompressed.aird; <MSCODEC_ROOT>\benchmark\compression_benchmark_runs\data_stackzdpd_lt20g_all_methods_w5_size_desc_20260521\File2_20180722_L929_test_DDA_1.uncompressed_d6fab1af\airdpro\File2_20180722_L929_test_DDA_1.uncompressed.json"
"File2_20180722_L929_test_DDA_1.uncompressed.mzML","<MSCODEC_ROOT>\benchmark\data_StackZDPD\File2_20180722_L929_test_DDA_1.uncompressed.mzML","zdpd","ZDPD wrapper","ok","10104040332","888850348","11.36753825290734","0.08796979414115823","244.34307460003765","zdpd.cmd calls airdpro-compress.cmd; config used: ZDPD.","<MSCODEC_ROOT>\benchmark\compression_benchmark_runs\data_stackzdpd_lt20g_all_methods_w5_size_desc_20260521\File2_20180722_L929_test_DDA_1.uncompressed_d6fab1af\zdpd","<MSCODEC_ROOT>\benchmark\compression_benchmark_runs\data_stackzdpd_lt20g_all_methods_w5_size_desc_20260521\File2_20180722_L929_test_DDA_1.uncompressed_d6fab1af\zdpd\File2_20180722_L929_test_DDA_1.uncompressed_with_zero_ZDPD.aird; <MSCODEC_ROOT>\benchmark\compression_benchmark_runs\data_stackzdpd_lt20g_all_methods_w5_size_desc_20260521\File2_20180722_L929_test_DDA_1.uncompressed_d6fab1af\zdpd\File2_20180722_L929_test_DDA_1.uncompressed_with_zero_ZDPD.json"
"File2_20180722_L929_test_DDA_1.uncompressed.mzML","<MSCODEC_ROOT>\benchmark\data_StackZDPD\File2_20180722_L929_test_DDA_1.uncompressed.mzML","stackzdpd","StackZDPD wrapper","ok","10104040332","931430577","10.847872704097409","0.09218397258867948","443.4602592999581","stackzdpd.cmd calls airdpro-compress.cmd; config used: StackZDPD.","<MSCODEC_ROOT>\benchmark\compression_benchmark_runs\data_stackzdpd_lt20g_all_methods_w5_size_desc_20260521\File2_20180722_L929_test_DDA_1.uncompressed_d6fab1af\stackzdpd","<MSCODEC_ROOT>\benchmark\compression_benchmark_runs\data_stackzdpd_lt20g_all_methods_w5_size_desc_20260521\File2_20180722_L929_test_DDA_1.uncompressed_d6fab1af\stackzdpd\File2_20180722_L929_test_DDA_1.uncompressed_with_zero_StackZDPD.aird; <MSCODEC_ROOT>\benchmark\compression_benchmark_runs\data_stackzdpd_lt20g_all_methods_w5_size_desc_20260521\File2_20180722_L929_test_DDA_1.uncompressed_d6fab1af\stackzdpd\File2_20180722_L929_test_DDA_1.uncompressed_with_zero_StackZDPD.json"
"File2_20180722_L929_test_DDA_1.uncompressed.mzML","<MSCODEC_ROOT>\benchmark\data_StackZDPD\File2_20180722_L929_test_DDA_1.uncompressed.mzML","trackcodec","TrackCodec","ok","10104040332","972214374","10.392811094150723","0.0962203576049621","13156.452579399978","Stats JSON: <MSCODEC_ROOT>\benchmark\compression_benchmark_runs\data_stackzdpd_lt20g_all_methods_w5_size_desc_20260521\File2_20180722_L929_test_DDA_1.uncompressed_d6fab1af\trackcodec\File2_20180722_L929_test_DDA_1.uncompressed.stats.json","<MSCODEC_ROOT>\benchmark\compression_benchmark_runs\data_stackzdpd_lt20g_all_methods_w5_size_desc_20260521\File2_20180722_L929_test_DDA_1.uncompressed_d6fab1af\trackcodec","<MSCODEC_ROOT>\benchmark\compression_benchmark_runs\data_stackzdpd_lt20g_all_methods_w5_size_desc_20260521\File2_20180722_L929_test_DDA_1.uncompressed_d6fab1af\trackcodec\File2_20180722_L929_test_DDA_1.uncompressed.tcarchive"
"File16_LFQ_TTOF5600_DDA_Human_01.uncompressed.mzML","<MSCODEC_ROOT>\benchmark\data_StackZDPD\File16_LFQ_TTOF5600_DDA_Human_01.uncompressed.mzML","msconvert_zlib","msconvert zlib","ok","8260957373","4503727552","1.8342489143979197","0.5451822771437995","610.4627234000363","","<MSCODEC_ROOT>\benchmark\compression_benchmark_runs\data_stackzdpd_lt20g_all_methods_w5_size_desc_20260521\File16_LFQ_TTOF5600_DDA_Human_01.uncompressed_4ed616f1\msconvert_zlib","<MSCODEC_ROOT>\benchmark\compression_benchmark_runs\data_stackzdpd_lt20g_all_methods_w5_size_desc_20260521\File16_LFQ_TTOF5600_DDA_Human_01.uncompressed_4ed616f1\msconvert_zlib\File16_LFQ_TTOF5600_DDA_Human_01-LFQ_TT5600_DDA_Micro_120_Min_Human_01.mzML; <MSCODEC_ROOT>\benchmark\compression_benchmark_runs\data_stackzdpd_lt20g_all_methods_w5_size_desc_20260521\File16_LFQ_TTOF5600_DDA_Human_01.uncompressed_4ed616f1\msconvert_zlib\msconvert.stderr.log; <MSCODEC_ROOT>\benchmark\compression_benchmark_runs\data_stackzdpd_lt20g_all_methods_w5_size_desc_20260521\File16_LFQ_TTOF5600_DDA_Human_01.uncompressed_4ed616f1\msconvert_zlib\msconvert.stdout.log"
"File16_LFQ_TTOF5600_DDA_Human_01.uncompressed.mzML","<MSCODEC_ROOT>\benchmark\data_StackZDPD\File16_LFQ_TTOF5600_DDA_Human_01.uncompressed.mzML","msconvert_gzip","msconvert gzip","ok","8260957373","3864648753","2.1375700357211738","0.46782092904039974","1349.203096400015","","<MSCODEC_ROOT>\benchmark\compression_benchmark_runs\data_stackzdpd_lt20g_all_methods_w5_size_desc_20260521\File16_LFQ_TTOF5600_DDA_Human_01.uncompressed_4ed616f1\msconvert_gzip","<MSCODEC_ROOT>\benchmark\compression_benchmark_runs\data_stackzdpd_lt20g_all_methods_w5_size_desc_20260521\File16_LFQ_TTOF5600_DDA_Human_01.uncompressed_4ed616f1\msconvert_gzip\File16_LFQ_TTOF5600_DDA_Human_01-LFQ_TT5600_DDA_Micro_120_Min_Human_01.mzML.gz; <MSCODEC_ROOT>\benchmark\compression_benchmark_runs\data_stackzdpd_lt20g_all_methods_w5_size_desc_20260521\File16_LFQ_TTOF5600_DDA_Human_01.uncompressed_4ed616f1\msconvert_gzip\msconvert.stderr.log; <MSCODEC_ROOT>\benchmark\compression_benchmark_runs\data_stackzdpd_lt20g_all_methods_w5_size_desc_20260521\File16_LFQ_TTOF5600_DDA_Human_01.uncompressed_4ed616f1\msconvert_gzip\msconvert.stdout.log"
"File16_LFQ_TTOF5600_DDA_Human_01.uncompressed.mzML","<MSCODEC_ROOT>\benchmark\data_StackZDPD\File16_LFQ_TTOF5600_DDA_Human_01.uncompressed.mzML","msconvert_numpress","msconvert numpressAll+zlib","ok","8260957373","1297452869","6.367057771714712","0.1570584147111783","198.83586829999695","","<MSCODEC_ROOT>\benchmark\compression_benchmark_runs\data_stackzdpd_lt20g_all_methods_w5_size_desc_20260521\File16_LFQ_TTOF5600_DDA_Human_01.uncompressed_4ed616f1\msconvert_numpress","<MSCODEC_ROOT>\benchmark\compression_benchmark_runs\data_stackzdpd_lt20g_all_methods_w5_size_desc_20260521\File16_LFQ_TTOF5600_DDA_Human_01.uncompressed_4ed616f1\msconvert_numpress\File16_LFQ_TTOF5600_DDA_Human_01-LFQ_TT5600_DDA_Micro_120_Min_Human_01.mzML; <MSCODEC_ROOT>\benchmark\compression_benchmark_runs\data_stackzdpd_lt20g_all_methods_w5_size_desc_20260521\File16_LFQ_TTOF5600_DDA_Human_01.uncompressed_4ed616f1\msconvert_numpress\msconvert.stderr.log; <MSCODEC_ROOT>\benchmark\compression_benchmark_runs\data_stackzdpd_lt20g_all_methods_w5_size_desc_20260521\File16_LFQ_TTOF5600_DDA_Human_01.uncompressed_4ed616f1\msconvert_numpress\msconvert.stdout.log"
"File16_LFQ_TTOF5600_DDA_Human_01.uncompressed.mzML","<MSCODEC_ROOT>\benchmark\data_StackZDPD\File16_LFQ_TTOF5600_DDA_Human_01.uncompressed.mzML","mspack","mspack","ok","8260957373","1877028348","4.401082904156544","0.2272168059037387","6043.510684399866","Elapsed time includes msconvert normalization to uncompressed, non-indexed mzML with 64-bit m/z, 32-bit intensity, and 64-bit rt; mspack cannot read zlib-compressed binary arrays.","<MSCODEC_ROOT>\mspack_fix64_20files_20260523\File16_LFQ_TTOF5600_DDA_Human_01.uncompressed_4ed616f1\mspack","<MSCODEC_ROOT>\mspack_fix64_20files_20260523\File16_LFQ_TTOF5600_DDA_Human_01.uncompressed_4ed616f1\mspack\File16_LFQ_TTOF5600_DDA_Human_01.uncompressed.mgz"
"File16_LFQ_TTOF5600_DDA_Human_01.uncompressed.mzML","<MSCODEC_ROOT>\benchmark\data_StackZDPD\File16_LFQ_TTOF5600_DDA_Human_01.uncompressed.mzML","masscomp","MassComp","ok","8260957373","2985222385","2.767283742246225","0.3613651844708532","10568.914084899996","Elapsed time includes mzML to mzXML conversion with 64-bit m/z, 32-bit intensity, and 64-bit rt. masscomp.cmd uses the 64-bit-safe MassComp build when available, so >2GB mzXML files do not trigger the original tinyxml2 file-length overflow.","<MSCODEC_ROOT>\masscomp_mz64int32_w10_20260522_run3\File16_LFQ_TTOF5600_DDA_Human_01.uncompressed_4ed616f1\masscomp","<MSCODEC_ROOT>\masscomp_mz64int32_w10_20260522_run3\File16_LFQ_TTOF5600_DDA_Human_01.uncompressed_4ed616f1\masscomp\File16_LFQ_TTOF5600_DDA_Human_01.uncompressed.masscomp"
"File16_LFQ_TTOF5600_DDA_Human_01.uncompressed.mzML","<MSCODEC_ROOT>\benchmark\data_StackZDPD\File16_LFQ_TTOF5600_DDA_Human_01.uncompressed.mzML","airdpro","airdpro-compress","ok","8260957373","776006599","10.645473097323494","0.09393664244489257","209.5619550999836","","<MSCODEC_ROOT>\benchmark\compression_benchmark_runs\data_stackzdpd_lt20g_all_methods_w5_size_desc_20260521\File16_LFQ_TTOF5600_DDA_Human_01.uncompressed_4ed616f1\airdpro","<MSCODEC_ROOT>\benchmark\compression_benchmark_runs\data_stackzdpd_lt20g_all_methods_w5_size_desc_20260521\File16_LFQ_TTOF5600_DDA_Human_01.uncompressed_4ed616f1\airdpro\File16_LFQ_TTOF5600_DDA_Human_01.uncompressed.aird; <MSCODEC_ROOT>\benchmark\compression_benchmark_runs\data_stackzdpd_lt20g_all_methods_w5_size_desc_20260521\File16_LFQ_TTOF5600_DDA_Human_01.uncompressed_4ed616f1\airdpro\File16_LFQ_TTOF5600_DDA_Human_01.uncompressed.json"
"File16_LFQ_TTOF5600_DDA_Human_01.uncompressed.mzML","<MSCODEC_ROOT>\benchmark\data_StackZDPD\File16_LFQ_TTOF5600_DDA_Human_01.uncompressed.mzML","zdpd","ZDPD wrapper","ok","8260957373","775698244","10.64970487802213","0.09389931565744201","222.39788190001855","zdpd.cmd calls airdpro-compress.cmd; config used: ZDPD.","<MSCODEC_ROOT>\benchmark\compression_benchmark_runs\data_stackzdpd_lt20g_all_methods_w5_size_desc_20260521\File16_LFQ_TTOF5600_DDA_Human_01.uncompressed_4ed616f1\zdpd","<MSCODEC_ROOT>\benchmark\compression_benchmark_runs\data_stackzdpd_lt20g_all_methods_w5_size_desc_20260521\File16_LFQ_TTOF5600_DDA_Human_01.uncompressed_4ed616f1\zdpd\File16_LFQ_TTOF5600_DDA_Human_01.uncompressed_with_zero_ZDPD.aird; <MSCODEC_ROOT>\benchmark\compression_benchmark_runs\data_stackzdpd_lt20g_all_methods_w5_size_desc_20260521\File16_LFQ_TTOF5600_DDA_Human_01.uncompressed_4ed616f1\zdpd\File16_LFQ_TTOF5600_DDA_Human_01.uncompressed_with_zero_ZDPD.json"
"File16_LFQ_TTOF5600_DDA_Human_01.uncompressed.mzML","<MSCODEC_ROOT>\benchmark\data_StackZDPD\File16_LFQ_TTOF5600_DDA_Human_01.uncompressed.mzML","stackzdpd","StackZDPD wrapper","ok","8260957373","726373643","11.372876002055047","0.0879285063707107","406.277981799969","stackzdpd.cmd calls airdpro-compress.cmd; config used: StackZDPD.","<MSCODEC_ROOT>\benchmark\compression_benchmark_runs\data_stackzdpd_lt20g_all_methods_w5_size_desc_20260521\File16_LFQ_TTOF5600_DDA_Human_01.uncompressed_4ed616f1\stackzdpd","<MSCODEC_ROOT>\benchmark\compression_benchmark_runs\data_stackzdpd_lt20g_all_methods_w5_size_desc_20260521\File16_LFQ_TTOF5600_DDA_Human_01.uncompressed_4ed616f1\stackzdpd\File16_LFQ_TTOF5600_DDA_Human_01.uncompressed_with_zero_StackZDPD.aird; <MSCODEC_ROOT>\benchmark\compression_benchmark_runs\data_stackzdpd_lt20g_all_methods_w5_size_desc_20260521\File16_LFQ_TTOF5600_DDA_Human_01.uncompressed_4ed616f1\stackzdpd\File16_LFQ_TTOF5600_DDA_Human_01.uncompressed_with_zero_StackZDPD.json"
"File16_LFQ_TTOF5600_DDA_Human_01.uncompressed.mzML","<MSCODEC_ROOT>\benchmark\data_StackZDPD\File16_LFQ_TTOF5600_DDA_Human_01.uncompressed.mzML","trackcodec","TrackCodec","ok","8260957373","755648599","10.932273789605743","0.0914722791658206","15236.728679599997","Stats JSON: <MSCODEC_ROOT>\benchmark\compression_benchmark_runs\data_stackzdpd_lt20g_all_methods_w5_size_desc_20260521\File16_LFQ_TTOF5600_DDA_Human_01.uncompressed_4ed616f1\trackcodec\File16_LFQ_TTOF5600_DDA_Human_01.uncompressed.stats.json","<MSCODEC_ROOT>\benchmark\compression_benchmark_runs\data_stackzdpd_lt20g_all_methods_w5_size_desc_20260521\File16_LFQ_TTOF5600_DDA_Human_01.uncompressed_4ed616f1\trackcodec","<MSCODEC_ROOT>\benchmark\compression_benchmark_runs\data_stackzdpd_lt20g_all_methods_w5_size_desc_20260521\File16_LFQ_TTOF5600_DDA_Human_01.uncompressed_4ed616f1\trackcodec\File16_LFQ_TTOF5600_DDA_Human_01.uncompressed.tcarchive"
"File13_SA1.uncompressed.mzML","<MSCODEC_ROOT>\benchmark\data_StackZDPD\File13_SA1.uncompressed.mzML","msconvert_zlib","msconvert zlib","ok","2880410525","1896629884","1.5186993252079328","0.6584581841853949","176.87175450002542","","<MSCODEC_ROOT>\benchmark\compression_benchmark_runs\data_stackzdpd_lt20g_all_methods_w5_size_desc_20260521\File13_SA1.uncompressed_c225b0d5\msconvert_zlib","<MSCODEC_ROOT>\benchmark\compression_benchmark_runs\data_stackzdpd_lt20g_all_methods_w5_size_desc_20260521\File13_SA1.uncompressed_c225b0d5\msconvert_zlib\File13_SA1.mzML; <MSCODEC_ROOT>\benchmark\compression_benchmark_runs\data_stackzdpd_lt20g_all_methods_w5_size_desc_20260521\File13_SA1.uncompressed_c225b0d5\msconvert_zlib\msconvert.stderr.log; <MSCODEC_ROOT>\benchmark\compression_benchmark_runs\data_stackzdpd_lt20g_all_methods_w5_size_desc_20260521\File13_SA1.uncompressed_c225b0d5\msconvert_zlib\msconvert.stdout.log"
"File13_SA1.uncompressed.mzML","<MSCODEC_ROOT>\benchmark\data_StackZDPD\File13_SA1.uncompressed.mzML","msconvert_gzip","msconvert gzip","ok","2880410525","1596197868","1.8045447765251619","0.5541563794973288","228.59911069995724","","<MSCODEC_ROOT>\benchmark\compression_benchmark_runs\data_stackzdpd_lt20g_all_methods_w5_size_desc_20260521\File13_SA1.uncompressed_c225b0d5\msconvert_gzip","<MSCODEC_ROOT>\benchmark\compression_benchmark_runs\data_stackzdpd_lt20g_all_methods_w5_size_desc_20260521\File13_SA1.uncompressed_c225b0d5\msconvert_gzip\File13_SA1.mzML.gz; <MSCODEC_ROOT>\benchmark\compression_benchmark_runs\data_stackzdpd_lt20g_all_methods_w5_size_desc_20260521\File13_SA1.uncompressed_c225b0d5\msconvert_gzip\msconvert.stderr.log; <MSCODEC_ROOT>\benchmark\compression_benchmark_runs\data_stackzdpd_lt20g_all_methods_w5_size_desc_20260521\File13_SA1.uncompressed_c225b0d5\msconvert_gzip\msconvert.stdout.log"
"File13_SA1.uncompressed.mzML","<MSCODEC_ROOT>\benchmark\data_StackZDPD\File13_SA1.uncompressed.mzML","msconvert_numpress","msconvert numpressAll+zlib","ok","2880410525","500315380","5.757189645059483","0.1736958588567857","62.891543000005186","","<MSCODEC_ROOT>\benchmark\compression_benchmark_runs\data_stackzdpd_lt20g_all_methods_w5_size_desc_20260521\File13_SA1.uncompressed_c225b0d5\msconvert_numpress","<MSCODEC_ROOT>\benchmark\compression_benchmark_runs\data_stackzdpd_lt20g_all_methods_w5_size_desc_20260521\File13_SA1.uncompressed_c225b0d5\msconvert_numpress\File13_SA1.mzML; <MSCODEC_ROOT>\benchmark\compression_benchmark_runs\data_stackzdpd_lt20g_all_methods_w5_size_desc_20260521\File13_SA1.uncompressed_c225b0d5\msconvert_numpress\msconvert.stderr.log; <MSCODEC_ROOT>\benchmark\compression_benchmark_runs\data_stackzdpd_lt20g_all_methods_w5_size_desc_20260521\File13_SA1.uncompressed_c225b0d5\msconvert_numpress\msconvert.stdout.log"
"File13_SA1.uncompressed.mzML","<MSCODEC_ROOT>\benchmark\data_StackZDPD\File13_SA1.uncompressed.mzML","mspack","mspack","ok","2880410525","682631140","4.219570945737987","0.23699091989673937","4691.051633100025","Elapsed time includes msconvert normalization to uncompressed, non-indexed mzML with 64-bit m/z, 32-bit intensity, and 64-bit rt; mspack cannot read zlib-compressed binary arrays.","<MSCODEC_ROOT>\mspack_fix64_20files_20260523\File13_SA1.uncompressed_c225b0d5\mspack","<MSCODEC_ROOT>\mspack_fix64_20files_20260523\File13_SA1.uncompressed_c225b0d5\mspack\File13_SA1.uncompressed.mgz"
"File13_SA1.uncompressed.mzML","<MSCODEC_ROOT>\benchmark\data_StackZDPD\File13_SA1.uncompressed.mzML","masscomp","MassComp","ok","2880410525","1320829142","2.1807593680424717","0.45855586574764373","3994.9112856999855","Elapsed time includes mzML to mzXML conversion with 64-bit m/z, 32-bit intensity, and 64-bit rt. masscomp.cmd uses the 64-bit-safe MassComp build when available, so >2GB mzXML files do not trigger the original tinyxml2 file-length overflow.","<MSCODEC_ROOT>\masscomp_mz64int32_w10_20260522_run3\File13_SA1.uncompressed_c225b0d5\masscomp","<MSCODEC_ROOT>\masscomp_mz64int32_w10_20260522_run3\File13_SA1.uncompressed_c225b0d5\masscomp\File13_SA1.uncompressed.masscomp"
"File13_SA1.uncompressed.mzML","<MSCODEC_ROOT>\benchmark\data_StackZDPD\File13_SA1.uncompressed.mzML","airdpro","airdpro-compress","ok","2880410525","394026345","7.310197811773221","0.1367952038711565","91.67329840001184","","<MSCODEC_ROOT>\benchmark\compression_benchmark_runs\data_stackzdpd_lt20g_all_methods_w5_size_desc_20260521\File13_SA1.uncompressed_c225b0d5\airdpro","<MSCODEC_ROOT>\benchmark\compression_benchmark_runs\data_stackzdpd_lt20g_all_methods_w5_size_desc_20260521\File13_SA1.uncompressed_c225b0d5\airdpro\File13_SA1.uncompressed.aird; <MSCODEC_ROOT>\benchmark\compression_benchmark_runs\data_stackzdpd_lt20g_all_methods_w5_size_desc_20260521\File13_SA1.uncompressed_c225b0d5\airdpro\File13_SA1.uncompressed.json"
"File13_SA1.uncompressed.mzML","<MSCODEC_ROOT>\benchmark\data_StackZDPD\File13_SA1.uncompressed.mzML","zdpd","ZDPD wrapper","ok","2880410525","393939018","7.311818310416766","0.13676488631772377","86.95007690001512","zdpd.cmd calls airdpro-compress.cmd; config used: ZDPD.","<MSCODEC_ROOT>\benchmark\compression_benchmark_runs\data_stackzdpd_lt20g_all_methods_w5_size_desc_20260521\File13_SA1.uncompressed_c225b0d5\zdpd","<MSCODEC_ROOT>\benchmark\compression_benchmark_runs\data_stackzdpd_lt20g_all_methods_w5_size_desc_20260521\File13_SA1.uncompressed_c225b0d5\zdpd\File13_SA1.uncompressed_with_zero_ZDPD.aird; <MSCODEC_ROOT>\benchmark\compression_benchmark_runs\data_stackzdpd_lt20g_all_methods_w5_size_desc_20260521\File13_SA1.uncompressed_c225b0d5\zdpd\File13_SA1.uncompressed_with_zero_ZDPD.json"
"File13_SA1.uncompressed.mzML","<MSCODEC_ROOT>\benchmark\data_StackZDPD\File13_SA1.uncompressed.mzML","stackzdpd","StackZDPD wrapper","ok","2880410525","426945563","6.746552194524153","0.1482238588195688","76.44579979998525","stackzdpd.cmd calls airdpro-compress.cmd; config used: StackZDPD.","<MSCODEC_ROOT>\benchmark\compression_benchmark_runs\data_stackzdpd_lt20g_all_methods_w5_size_desc_20260521\File13_SA1.uncompressed_c225b0d5\stackzdpd","<MSCODEC_ROOT>\benchmark\compression_benchmark_runs\data_stackzdpd_lt20g_all_methods_w5_size_desc_20260521\File13_SA1.uncompressed_c225b0d5\stackzdpd\File13_SA1.uncompressed_with_zero_StackZDPD.aird; <MSCODEC_ROOT>\benchmark\compression_benchmark_runs\data_stackzdpd_lt20g_all_methods_w5_size_desc_20260521\File13_SA1.uncompressed_c225b0d5\stackzdpd\File13_SA1.uncompressed_with_zero_StackZDPD.json"
"File13_SA1.uncompressed.mzML","<MSCODEC_ROOT>\benchmark\data_StackZDPD\File13_SA1.uncompressed.mzML","trackcodec","TrackCodec","ok","2880410525","346098305","8.322521328152705","0.12015589513928748","1614.3838710000273","Stats JSON: <MSCODEC_ROOT>\benchmark\compression_benchmark_runs\data_stackzdpd_lt20g_all_methods_w5_size_desc_20260521\File13_SA1.uncompressed_c225b0d5\trackcodec\File13_SA1.uncompressed.stats.json","<MSCODEC_ROOT>\benchmark\compression_benchmark_runs\data_stackzdpd_lt20g_all_methods_w5_size_desc_20260521\File13_SA1.uncompressed_c225b0d5\trackcodec","<MSCODEC_ROOT>\benchmark\compression_benchmark_runs\data_stackzdpd_lt20g_all_methods_w5_size_desc_20260521\File13_SA1.uncompressed_c225b0d5\trackcodec\File13_SA1.uncompressed.tcarchive"
"File14_LFQ_Orbitrap_AIF_Human_01.uncompressed.mzML","<MSCODEC_ROOT>\benchmark\data_StackZDPD\File14_LFQ_Orbitrap_AIF_Human_01.uncompressed.mzML","msconvert_zlib","msconvert zlib","ok","2456324576","1988097756","1.2355149884289693","0.8093790924151874","259.5387783999904","","<MSCODEC_ROOT>\benchmark\compression_benchmark_runs\data_stackzdpd_lt20g_all_methods_w5_size_desc_20260521\File14_LFQ_Orbitrap_AIF_Human_01.uncompressed_c0adc53a\msconvert_zlib","<MSCODEC_ROOT>\benchmark\compression_benchmark_runs\data_stackzdpd_lt20g_all_methods_w5_size_desc_20260521\File14_LFQ_Orbitrap_AIF_Human_01.uncompressed_c0adc53a\msconvert_zlib\File14_LFQ_Orbitrap_AIF_Human_01.mzML; <MSCODEC_ROOT>\benchmark\compression_benchmark_runs\data_stackzdpd_lt20g_all_methods_w5_size_desc_20260521\File14_LFQ_Orbitrap_AIF_Human_01.uncompressed_c0adc53a\msconvert_zlib\msconvert.stderr.log; <MSCODEC_ROOT>\benchmark\compression_benchmark_runs\data_stackzdpd_lt20g_all_methods_w5_size_desc_20260521\File14_LFQ_Orbitrap_AIF_Human_01.uncompressed_c0adc53a\msconvert_zlib\msconvert.stdout.log"
"File14_LFQ_Orbitrap_AIF_Human_01.uncompressed.mzML","<MSCODEC_ROOT>\benchmark\data_StackZDPD\File14_LFQ_Orbitrap_AIF_Human_01.uncompressed.mzML","msconvert_gzip","msconvert gzip","ok","2456324576","694874406","3.534918763434784","0.2828919324381665","307.23274960002163","","<MSCODEC_ROOT>\benchmark\compression_benchmark_runs\data_stackzdpd_lt20g_all_methods_w5_size_desc_20260521\File14_LFQ_Orbitrap_AIF_Human_01.uncompressed_c0adc53a\msconvert_gzip","<MSCODEC_ROOT>\benchmark\compression_benchmark_runs\data_stackzdpd_lt20g_all_methods_w5_size_desc_20260521\File14_LFQ_Orbitrap_AIF_Human_01.uncompressed_c0adc53a\msconvert_gzip\File14_LFQ_Orbitrap_AIF_Human_01.mzML.gz; <MSCODEC_ROOT>\benchmark\compression_benchmark_runs\data_stackzdpd_lt20g_all_methods_w5_size_desc_20260521\File14_LFQ_Orbitrap_AIF_Human_01.uncompressed_c0adc53a\msconvert_gzip\msconvert.stderr.log; <MSCODEC_ROOT>\benchmark\compression_benchmark_runs\data_stackzdpd_lt20g_all_methods_w5_size_desc_20260521\File14_LFQ_Orbitrap_AIF_Human_01.uncompressed_c0adc53a\msconvert_gzip\msconvert.stdout.log"
"File14_LFQ_Orbitrap_AIF_Human_01.uncompressed.mzML","<MSCODEC_ROOT>\benchmark\data_StackZDPD\File14_LFQ_Orbitrap_AIF_Human_01.uncompressed.mzML","msconvert_numpress","msconvert numpressAll+zlib","ok","2456324576","1842077292","1.3334535888736203","0.7499323623589393","138.6002448000363","","<MSCODEC_ROOT>\benchmark\compression_benchmark_runs\data_stackzdpd_lt20g_all_methods_w5_size_desc_20260521\File14_LFQ_Orbitrap_AIF_Human_01.uncompressed_c0adc53a\msconvert_numpress","<MSCODEC_ROOT>\benchmark\compression_benchmark_runs\data_stackzdpd_lt20g_all_methods_w5_size_desc_20260521\File14_LFQ_Orbitrap_AIF_Human_01.uncompressed_c0adc53a\msconvert_numpress\File14_LFQ_Orbitrap_AIF_Human_01.mzML; <MSCODEC_ROOT>\benchmark\compression_benchmark_runs\data_stackzdpd_lt20g_all_methods_w5_size_desc_20260521\File14_LFQ_Orbitrap_AIF_Human_01.uncompressed_c0adc53a\msconvert_numpress\msconvert.stderr.log; <MSCODEC_ROOT>\benchmark\compression_benchmark_runs\data_stackzdpd_lt20g_all_methods_w5_size_desc_20260521\File14_LFQ_Orbitrap_AIF_Human_01.uncompressed_c0adc53a\msconvert_numpress\msconvert.stdout.log"
"File14_LFQ_Orbitrap_AIF_Human_01.uncompressed.mzML","<MSCODEC_ROOT>\benchmark\data_StackZDPD\File14_LFQ_Orbitrap_AIF_Human_01.uncompressed.mzML","mspack","mspack","ok","2456324576","431521458","5.692242020557875","0.17567770245685968","6042.396125800093","Elapsed time includes msconvert normalization to uncompressed, non-indexed mzML with 64-bit m/z, 32-bit intensity, and 64-bit rt; mspack cannot read zlib-compressed binary arrays.","<MSCODEC_ROOT>\mspack_fix64_20files_20260523\File14_LFQ_Orbitrap_AIF_Human_01.uncompressed_c0adc53a\mspack","<MSCODEC_ROOT>\mspack_fix64_20files_20260523\File14_LFQ_Orbitrap_AIF_Human_01.uncompressed_c0adc53a\mspack\File14_LFQ_Orbitrap_AIF_Human_01.uncompressed.mgz"
"File14_LFQ_Orbitrap_AIF_Human_01.uncompressed.mzML","<MSCODEC_ROOT>\benchmark\data_StackZDPD\File14_LFQ_Orbitrap_AIF_Human_01.uncompressed.mzML","masscomp","MassComp","ok","2456324576","541412552","4.536881472227116","0.22041572082532468","2033.3342574000126","Elapsed time includes mzML to mzXML conversion with 64-bit m/z, 32-bit intensity, and 64-bit rt. masscomp.cmd uses the 64-bit-safe MassComp build when available, so >2GB mzXML files do not trigger the original tinyxml2 file-length overflow.","<MSCODEC_ROOT>\masscomp_mz64int32_w10_20260522_run3\File14_LFQ_Orbitrap_AIF_Human_01.uncompressed_c0adc53a\masscomp","<MSCODEC_ROOT>\masscomp_mz64int32_w10_20260522_run3\File14_LFQ_Orbitrap_AIF_Human_01.uncompressed_c0adc53a\masscomp\File14_LFQ_Orbitrap_AIF_Human_01.uncompressed.masscomp"
"File14_LFQ_Orbitrap_AIF_Human_01.uncompressed.mzML","<MSCODEC_ROOT>\benchmark\data_StackZDPD\File14_LFQ_Orbitrap_AIF_Human_01.uncompressed.mzML","airdpro","airdpro-compress","ok","2456324576","493546949","4.976881289565018","0.20092904407760157","149.77973740000743","","<MSCODEC_ROOT>\benchmark\compression_benchmark_runs\data_stackzdpd_lt20g_all_methods_w5_size_desc_20260521\File14_LFQ_Orbitrap_AIF_Human_01.uncompressed_c0adc53a\airdpro","<MSCODEC_ROOT>\benchmark\compression_benchmark_runs\data_stackzdpd_lt20g_all_methods_w5_size_desc_20260521\File14_LFQ_Orbitrap_AIF_Human_01.uncompressed_c0adc53a\airdpro\File14_LFQ_Orbitrap_AIF_Human_01.uncompressed.aird; <MSCODEC_ROOT>\benchmark\compression_benchmark_runs\data_stackzdpd_lt20g_all_methods_w5_size_desc_20260521\File14_LFQ_Orbitrap_AIF_Human_01.uncompressed_c0adc53a\airdpro\File14_LFQ_Orbitrap_AIF_Human_01.uncompressed.json"
"File14_LFQ_Orbitrap_AIF_Human_01.uncompressed.mzML","<MSCODEC_ROOT>\benchmark\data_StackZDPD\File14_LFQ_Orbitrap_AIF_Human_01.uncompressed.mzML","zdpd","ZDPD wrapper","ok","2456324576","501574542","4.897227371639608","0.20419717609827798","151.29515690001426","zdpd.cmd calls airdpro-compress.cmd; config used: ZDPD.","<MSCODEC_ROOT>\benchmark\compression_benchmark_runs\data_stackzdpd_lt20g_all_methods_w5_size_desc_20260521\File14_LFQ_Orbitrap_AIF_Human_01.uncompressed_c0adc53a\zdpd","<MSCODEC_ROOT>\benchmark\compression_benchmark_runs\data_stackzdpd_lt20g_all_methods_w5_size_desc_20260521\File14_LFQ_Orbitrap_AIF_Human_01.uncompressed_c0adc53a\zdpd\File14_LFQ_Orbitrap_AIF_Human_01.uncompressed_with_zero_ZDPD.aird; <MSCODEC_ROOT>\benchmark\compression_benchmark_runs\data_stackzdpd_lt20g_all_methods_w5_size_desc_20260521\File14_LFQ_Orbitrap_AIF_Human_01.uncompressed_c0adc53a\zdpd\File14_LFQ_Orbitrap_AIF_Human_01.uncompressed_with_zero_ZDPD.json"
"File14_LFQ_Orbitrap_AIF_Human_01.uncompressed.mzML","<MSCODEC_ROOT>\benchmark\data_StackZDPD\File14_LFQ_Orbitrap_AIF_Human_01.uncompressed.mzML","stackzdpd","StackZDPD wrapper","error","2456324576","","","","52.66888629994355","AirdPro wrapper returned a non-zero exit code.","<MSCODEC_ROOT>\benchmark\compression_benchmark_runs\data_stackzdpd_lt20g_all_methods_w5_size_desc_20260521\File14_LFQ_Orbitrap_AIF_Human_01.uncompressed_c0adc53a\stackzdpd",""
"File14_LFQ_Orbitrap_AIF_Human_01.uncompressed.mzML","<MSCODEC_ROOT>\benchmark\data_StackZDPD\File14_LFQ_Orbitrap_AIF_Human_01.uncompressed.mzML","trackcodec","TrackCodec","ok","2456324576","391277592","6.277703160675759","0.15929392875153972","1343.0522567000007","Stats JSON: <MSCODEC_ROOT>\benchmark\compression_benchmark_runs\data_stackzdpd_lt20g_all_methods_w5_size_desc_20260521\File14_LFQ_Orbitrap_AIF_Human_01.uncompressed_c0adc53a\trackcodec\File14_LFQ_Orbitrap_AIF_Human_01.uncompressed.stats.json","<MSCODEC_ROOT>\benchmark\compression_benchmark_runs\data_stackzdpd_lt20g_all_methods_w5_size_desc_20260521\File14_LFQ_Orbitrap_AIF_Human_01.uncompressed_c0adc53a\trackcodec","<MSCODEC_ROOT>\benchmark\compression_benchmark_runs\data_stackzdpd_lt20g_all_methods_w5_size_desc_20260521\File14_LFQ_Orbitrap_AIF_Human_01.uncompressed_c0adc53a\trackcodec\File14_LFQ_Orbitrap_AIF_Human_01.uncompressed.tcarchive"
"File5_S8184TPST_01.uncompressed.mzML","<MSCODEC_ROOT>\benchmark\data_StackZDPD\File5_S8184TPST_01.uncompressed.mzML","msconvert_zlib","msconvert zlib","ok","2454426859","1670145698","1.4695884688019596","0.6804626065249557","107.22427050000988","","<MSCODEC_ROOT>\benchmark\compression_benchmark_runs\data_stackzdpd_lt20g_all_methods_w5_size_desc_20260521\File5_S8184TPST_01.uncompressed_ef4db9a0\msconvert_zlib","<MSCODEC_ROOT>\benchmark\compression_benchmark_runs\data_stackzdpd_lt20g_all_methods_w5_size_desc_20260521\File5_S8184TPST_01.uncompressed_ef4db9a0\msconvert_zlib\File5_S8184TPST_01.mzML; <MSCODEC_ROOT>\benchmark\compression_benchmark_runs\data_stackzdpd_lt20g_all_methods_w5_size_desc_20260521\File5_S8184TPST_01.uncompressed_ef4db9a0\msconvert_zlib\msconvert.stderr.log; <MSCODEC_ROOT>\benchmark\compression_benchmark_runs\data_stackzdpd_lt20g_all_methods_w5_size_desc_20260521\File5_S8184TPST_01.uncompressed_ef4db9a0\msconvert_zlib\msconvert.stdout.log"
"File5_S8184TPST_01.uncompressed.mzML","<MSCODEC_ROOT>\benchmark\data_StackZDPD\File5_S8184TPST_01.uncompressed.mzML","msconvert_gzip","msconvert gzip","ok","2454426859","1348861058","1.8196291192802752","0.5495625396429872","209.82235219998984","","<MSCODEC_ROOT>\benchmark\compression_benchmark_runs\data_stackzdpd_lt20g_all_methods_w5_size_desc_20260521\File5_S8184TPST_01.uncompressed_ef4db9a0\msconvert_gzip","<MSCODEC_ROOT>\benchmark\compression_benchmark_runs\data_stackzdpd_lt20g_all_methods_w5_size_desc_20260521\File5_S8184TPST_01.uncompressed_ef4db9a0\msconvert_gzip\File5_S8184TPST_01.mzML.gz; <MSCODEC_ROOT>\benchmark\compression_benchmark_runs\data_stackzdpd_lt20g_all_methods_w5_size_desc_20260521\File5_S8184TPST_01.uncompressed_ef4db9a0\msconvert_gzip\msconvert.stderr.log; <MSCODEC_ROOT>\benchmark\compression_benchmark_runs\data_stackzdpd_lt20g_all_methods_w5_size_desc_20260521\File5_S8184TPST_01.uncompressed_ef4db9a0\msconvert_gzip\msconvert.stdout.log"
"File5_S8184TPST_01.uncompressed.mzML","<MSCODEC_ROOT>\benchmark\data_StackZDPD\File5_S8184TPST_01.uncompressed.mzML","msconvert_numpress","msconvert numpressAll+zlib","ok","2454426859","539825092","4.546707619511691","0.21993936793045826","57.10123430000385","","<MSCODEC_ROOT>\benchmark\compression_benchmark_runs\data_stackzdpd_lt20g_all_methods_w5_size_desc_20260521\File5_S8184TPST_01.uncompressed_ef4db9a0\msconvert_numpress","<MSCODEC_ROOT>\benchmark\compression_benchmark_runs\data_stackzdpd_lt20g_all_methods_w5_size_desc_20260521\File5_S8184TPST_01.uncompressed_ef4db9a0\msconvert_numpress\File5_S8184TPST_01.mzML; <MSCODEC_ROOT>\benchmark\compression_benchmark_runs\data_stackzdpd_lt20g_all_methods_w5_size_desc_20260521\File5_S8184TPST_01.uncompressed_ef4db9a0\msconvert_numpress\msconvert.stderr.log; <MSCODEC_ROOT>\benchmark\compression_benchmark_runs\data_stackzdpd_lt20g_all_methods_w5_size_desc_20260521\File5_S8184TPST_01.uncompressed_ef4db9a0\msconvert_numpress\msconvert.stdout.log"
"File5_S8184TPST_01.uncompressed.mzML","<MSCODEC_ROOT>\benchmark\data_StackZDPD\File5_S8184TPST_01.uncompressed.mzML","mspack","mspack","ok","2454426859","690612433","3.55398591412269","0.28137421592647266","4863.235878200037","Elapsed time includes msconvert normalization to uncompressed, non-indexed mzML with 64-bit m/z, 32-bit intensity, and 64-bit rt; mspack cannot read zlib-compressed binary arrays.","<MSCODEC_ROOT>\mspack_fix64_20files_20260523\File5_S8184TPST_01.uncompressed_ef4db9a0\mspack","<MSCODEC_ROOT>\mspack_fix64_20files_20260523\File5_S8184TPST_01.uncompressed_ef4db9a0\mspack\File5_S8184TPST_01.uncompressed.mgz"
"File5_S8184TPST_01.uncompressed.mzML","<MSCODEC_ROOT>\benchmark\data_StackZDPD\File5_S8184TPST_01.uncompressed.mzML","masscomp","MassComp","ok","2454426859","1111691003","2.207831899670416","0.4529330336015525","3517.674144999997","Elapsed time includes mzML to mzXML conversion with 64-bit m/z, 32-bit intensity, and 64-bit rt. masscomp.cmd uses the 64-bit-safe MassComp build when available, so >2GB mzXML files do not trigger the original tinyxml2 file-length overflow.","<MSCODEC_ROOT>\masscomp_mz64int32_w10_20260522_run3\File5_S8184TPST_01.uncompressed_ef4db9a0\masscomp","<MSCODEC_ROOT>\masscomp_mz64int32_w10_20260522_run3\File5_S8184TPST_01.uncompressed_ef4db9a0\masscomp\File5_S8184TPST_01.uncompressed.masscomp"
"File5_S8184TPST_01.uncompressed.mzML","<MSCODEC_ROOT>\benchmark\data_StackZDPD\File5_S8184TPST_01.uncompressed.mzML","airdpro","airdpro-compress","ok","2454426859","390009483","6.293249179789815","0.15890042987832215","69.92918829998234","","<MSCODEC_ROOT>\benchmark\compression_benchmark_runs\data_stackzdpd_lt20g_all_methods_w5_size_desc_20260521\File5_S8184TPST_01.uncompressed_ef4db9a0\airdpro","<MSCODEC_ROOT>\benchmark\compression_benchmark_runs\data_stackzdpd_lt20g_all_methods_w5_size_desc_20260521\File5_S8184TPST_01.uncompressed_ef4db9a0\airdpro\File5_S8184TPST_01.uncompressed.aird; <MSCODEC_ROOT>\benchmark\compression_benchmark_runs\data_stackzdpd_lt20g_all_methods_w5_size_desc_20260521\File5_S8184TPST_01.uncompressed_ef4db9a0\airdpro\File5_S8184TPST_01.uncompressed.json"
"File5_S8184TPST_01.uncompressed.mzML","<MSCODEC_ROOT>\benchmark\data_StackZDPD\File5_S8184TPST_01.uncompressed.mzML","zdpd","ZDPD wrapper","ok","2454426859","391092474","6.275822272662808","0.159341669753134","65.79871549998643","zdpd.cmd calls airdpro-compress.cmd; config used: ZDPD.","<MSCODEC_ROOT>\benchmark\compression_benchmark_runs\data_stackzdpd_lt20g_all_methods_w5_size_desc_20260521\File5_S8184TPST_01.uncompressed_ef4db9a0\zdpd","<MSCODEC_ROOT>\benchmark\compression_benchmark_runs\data_stackzdpd_lt20g_all_methods_w5_size_desc_20260521\File5_S8184TPST_01.uncompressed_ef4db9a0\zdpd\File5_S8184TPST_01.uncompressed_with_zero_ZDPD.aird; <MSCODEC_ROOT>\benchmark\compression_benchmark_runs\data_stackzdpd_lt20g_all_methods_w5_size_desc_20260521\File5_S8184TPST_01.uncompressed_ef4db9a0\zdpd\File5_S8184TPST_01.uncompressed_with_zero_ZDPD.json"
"File5_S8184TPST_01.uncompressed.mzML","<MSCODEC_ROOT>\benchmark\data_StackZDPD\File5_S8184TPST_01.uncompressed.mzML","stackzdpd","StackZDPD wrapper","error","2454426859","","","","53.96034469996812","AirdPro wrapper returned a non-zero exit code.","<MSCODEC_ROOT>\benchmark\compression_benchmark_runs\data_stackzdpd_lt20g_all_methods_w5_size_desc_20260521\File5_S8184TPST_01.uncompressed_ef4db9a0\stackzdpd",""
"File5_S8184TPST_01.uncompressed.mzML","<MSCODEC_ROOT>\benchmark\data_StackZDPD\File5_S8184TPST_01.uncompressed.mzML","trackcodec","TrackCodec","ok","2454426859","363912664","6.744549178425953","0.14826787877813066","1983.6854680000106","Stats JSON: <MSCODEC_ROOT>\benchmark\compression_benchmark_runs\data_stackzdpd_lt20g_all_methods_w5_size_desc_20260521\File5_S8184TPST_01.uncompressed_ef4db9a0\trackcodec\File5_S8184TPST_01.uncompressed.stats.json","<MSCODEC_ROOT>\benchmark\compression_benchmark_runs\data_stackzdpd_lt20g_all_methods_w5_size_desc_20260521\File5_S8184TPST_01.uncompressed_ef4db9a0\trackcodec","<MSCODEC_ROOT>\benchmark\compression_benchmark_runs\data_stackzdpd_lt20g_all_methods_w5_size_desc_20260521\File5_S8184TPST_01.uncompressed_ef4db9a0\trackcodec\File5_S8184TPST_01.uncompressed.tcarchive"
"File4_QE-HFX-20190719_50cm_60min_Fr1.uncompressed.mzML","<MSCODEC_ROOT>\benchmark\data_StackZDPD\File4_QE-HFX-20190719_50cm_60min_Fr1.uncompressed.mzML","msconvert_zlib","msconvert zlib","ok","2178880579","1560149515","1.3965844670983345","0.7160325949190077","102.07393329998013","","<MSCODEC_ROOT>\benchmark\compression_benchmark_runs\data_stackzdpd_lt20g_all_methods_w5_size_desc_20260521\File4_QE-HFX-20190719_50cm_60min_Fr1.uncompressed_4d85e18f\msconvert_zlib","<MSCODEC_ROOT>\benchmark\compression_benchmark_runs\data_stackzdpd_lt20g_all_methods_w5_size_desc_20260521\File4_QE-HFX-20190719_50cm_60min_Fr1.uncompressed_4d85e18f\msconvert_zlib\File4_QE-HFX-20190719_50cm_60min_Fr1.mzML; <MSCODEC_ROOT>\benchmark\compression_benchmark_runs\data_stackzdpd_lt20g_all_methods_w5_size_desc_20260521\File4_QE-HFX-20190719_50cm_60min_Fr1.uncompressed_4d85e18f\msconvert_zlib\msconvert.stderr.log; <MSCODEC_ROOT>\benchmark\compression_benchmark_runs\data_stackzdpd_lt20g_all_methods_w5_size_desc_20260521\File4_QE-HFX-20190719_50cm_60min_Fr1.uncompressed_4d85e18f\msconvert_zlib\msconvert.stdout.log"
"File4_QE-HFX-20190719_50cm_60min_Fr1.uncompressed.mzML","<MSCODEC_ROOT>\benchmark\data_StackZDPD\File4_QE-HFX-20190719_50cm_60min_Fr1.uncompressed.mzML","msconvert_gzip","msconvert gzip","ok","2178880579","1068701351","2.038811476153921","0.49048183792178357","187.71230549999746","","<MSCODEC_ROOT>\benchmark\compression_benchmark_runs\data_stackzdpd_lt20g_all_methods_w5_size_desc_20260521\File4_QE-HFX-20190719_50cm_60min_Fr1.uncompressed_4d85e18f\msconvert_gzip","<MSCODEC_ROOT>\benchmark\compression_benchmark_runs\data_stackzdpd_lt20g_all_methods_w5_size_desc_20260521\File4_QE-HFX-20190719_50cm_60min_Fr1.uncompressed_4d85e18f\msconvert_gzip\File4_QE-HFX-20190719_50cm_60min_Fr1.mzML.gz; <MSCODEC_ROOT>\benchmark\compression_benchmark_runs\data_stackzdpd_lt20g_all_methods_w5_size_desc_20260521\File4_QE-HFX-20190719_50cm_60min_Fr1.uncompressed_4d85e18f\msconvert_gzip\msconvert.stderr.log; <MSCODEC_ROOT>\benchmark\compression_benchmark_runs\data_stackzdpd_lt20g_all_methods_w5_size_desc_20260521\File4_QE-HFX-20190719_50cm_60min_Fr1.uncompressed_4d85e18f\msconvert_gzip\msconvert.stdout.log"
"File4_QE-HFX-20190719_50cm_60min_Fr1.uncompressed.mzML","<MSCODEC_ROOT>\benchmark\data_StackZDPD\File4_QE-HFX-20190719_50cm_60min_Fr1.uncompressed.mzML","msconvert_numpress","msconvert numpressAll+zlib","ok","2178880579","701220922","3.1072669263567696","0.32182622983487524","66.57042199996067","","<MSCODEC_ROOT>\benchmark\compression_benchmark_runs\data_stackzdpd_lt20g_all_methods_w5_size_desc_20260521\File4_QE-HFX-20190719_50cm_60min_Fr1.uncompressed_4d85e18f\msconvert_numpress","<MSCODEC_ROOT>\benchmark\compression_benchmark_runs\data_stackzdpd_lt20g_all_methods_w5_size_desc_20260521\File4_QE-HFX-20190719_50cm_60min_Fr1.uncompressed_4d85e18f\msconvert_numpress\File4_QE-HFX-20190719_50cm_60min_Fr1.mzML; <MSCODEC_ROOT>\benchmark\compression_benchmark_runs\data_stackzdpd_lt20g_all_methods_w5_size_desc_20260521\File4_QE-HFX-20190719_50cm_60min_Fr1.uncompressed_4d85e18f\msconvert_numpress\msconvert.stderr.log; <MSCODEC_ROOT>\benchmark\compression_benchmark_runs\data_stackzdpd_lt20g_all_methods_w5_size_desc_20260521\File4_QE-HFX-20190719_50cm_60min_Fr1.uncompressed_4d85e18f\msconvert_numpress\msconvert.stdout.log"
"File4_QE-HFX-20190719_50cm_60min_Fr1.uncompressed.mzML","<MSCODEC_ROOT>\benchmark\data_StackZDPD\File4_QE-HFX-20190719_50cm_60min_Fr1.uncompressed.mzML","mspack","mspack","ok","2178880579","528658136","4.1215304005082025","0.2426283207511209","559.4257475999184","Elapsed time includes msconvert normalization to uncompressed, non-indexed mzML with 64-bit m/z, 32-bit intensity, and 64-bit rt; mspack cannot read zlib-compressed binary arrays.","<MSCODEC_ROOT>\mspack_fix64_20files_20260523\File4_QE-HFX-20190719_50cm_60min_Fr1.uncompressed_4d85e18f\mspack","<MSCODEC_ROOT>\mspack_fix64_20files_20260523\File4_QE-HFX-20190719_50cm_60min_Fr1.uncompressed_4d85e18f\mspack\File4_QE-HFX-20190719_50cm_60min_Fr1.uncompressed.mgz"
"File4_QE-HFX-20190719_50cm_60min_Fr1.uncompressed.mzML","<MSCODEC_ROOT>\benchmark\data_StackZDPD\File4_QE-HFX-20190719_50cm_60min_Fr1.uncompressed.mzML","masscomp","MassComp","ok","2178880579","883322206","2.466688332071661","0.40540184465061496","4730.976553300046","Elapsed time includes mzML to mzXML conversion with 64-bit m/z, 32-bit intensity, and 64-bit rt. masscomp.cmd uses the 64-bit-safe MassComp build when available, so >2GB mzXML files do not trigger the original tinyxml2 file-length overflow.","<MSCODEC_ROOT>\masscomp_mz64int32_w10_20260522_run3\File4_QE-HFX-20190719_50cm_60min_Fr1.uncompressed_4d85e18f\masscomp","<MSCODEC_ROOT>\masscomp_mz64int32_w10_20260522_run3\File4_QE-HFX-20190719_50cm_60min_Fr1.uncompressed_4d85e18f\masscomp\File4_QE-HFX-20190719_50cm_60min_Fr1.uncompressed.masscomp"
"File4_QE-HFX-20190719_50cm_60min_Fr1.uncompressed.mzML","<MSCODEC_ROOT>\benchmark\data_StackZDPD\File4_QE-HFX-20190719_50cm_60min_Fr1.uncompressed.mzML","airdpro","airdpro-compress","ok","2178880579","363092615","6.00089478272644","0.16664181529702826","63.06607100000838","","<MSCODEC_ROOT>\benchmark\compression_benchmark_runs\data_stackzdpd_lt20g_all_methods_w5_size_desc_20260521\File4_QE-HFX-20190719_50cm_60min_Fr1.uncompressed_4d85e18f\airdpro","<MSCODEC_ROOT>\benchmark\compression_benchmark_runs\data_stackzdpd_lt20g_all_methods_w5_size_desc_20260521\File4_QE-HFX-20190719_50cm_60min_Fr1.uncompressed_4d85e18f\airdpro\File4_QE-HFX-20190719_50cm_60min_Fr1.uncompressed.aird; <MSCODEC_ROOT>\benchmark\compression_benchmark_runs\data_stackzdpd_lt20g_all_methods_w5_size_desc_20260521\File4_QE-HFX-20190719_50cm_60min_Fr1.uncompressed_4d85e18f\airdpro\File4_QE-HFX-20190719_50cm_60min_Fr1.uncompressed.json"
"File4_QE-HFX-20190719_50cm_60min_Fr1.uncompressed.mzML","<MSCODEC_ROOT>\benchmark\data_StackZDPD\File4_QE-HFX-20190719_50cm_60min_Fr1.uncompressed.mzML","zdpd","ZDPD wrapper","ok","2178880579","366002100","5.953191468027096","0.16797712712092608","73.28427740000188","zdpd.cmd calls airdpro-compress.cmd; config used: ZDPD.","<MSCODEC_ROOT>\benchmark\compression_benchmark_runs\data_stackzdpd_lt20g_all_methods_w5_size_desc_20260521\File4_QE-HFX-20190719_50cm_60min_Fr1.uncompressed_4d85e18f\zdpd","<MSCODEC_ROOT>\benchmark\compression_benchmark_runs\data_stackzdpd_lt20g_all_methods_w5_size_desc_20260521\File4_QE-HFX-20190719_50cm_60min_Fr1.uncompressed_4d85e18f\zdpd\File4_QE-HFX-20190719_50cm_60min_Fr1.uncompressed_with_zero_ZDPD.aird; <MSCODEC_ROOT>\benchmark\compression_benchmark_runs\data_stackzdpd_lt20g_all_methods_w5_size_desc_20260521\File4_QE-HFX-20190719_50cm_60min_Fr1.uncompressed_4d85e18f\zdpd\File4_QE-HFX-20190719_50cm_60min_Fr1.uncompressed_with_zero_ZDPD.json"
"File4_QE-HFX-20190719_50cm_60min_Fr1.uncompressed.mzML","<MSCODEC_ROOT>\benchmark\data_StackZDPD\File4_QE-HFX-20190719_50cm_60min_Fr1.uncompressed.mzML","stackzdpd","StackZDPD wrapper","error","2178880579","","","","47.86895930004539","AirdPro wrapper returned a non-zero exit code.","<MSCODEC_ROOT>\benchmark\compression_benchmark_runs\data_stackzdpd_lt20g_all_methods_w5_size_desc_20260521\File4_QE-HFX-20190719_50cm_60min_Fr1.uncompressed_4d85e18f\stackzdpd",""
"File4_QE-HFX-20190719_50cm_60min_Fr1.uncompressed.mzML","<MSCODEC_ROOT>\benchmark\data_StackZDPD\File4_QE-HFX-20190719_50cm_60min_Fr1.uncompressed.mzML","trackcodec","TrackCodec","ok","2178880579","314827190","6.920878018826773","0.14449033739356673","1014.5254734999617","Stats JSON: <MSCODEC_ROOT>\benchmark\compression_benchmark_runs\data_stackzdpd_lt20g_all_methods_w5_size_desc_20260521\File4_QE-HFX-20190719_50cm_60min_Fr1.uncompressed_4d85e18f\trackcodec\File4_QE-HFX-20190719_50cm_60min_Fr1.uncompressed.stats.json","<MSCODEC_ROOT>\benchmark\compression_benchmark_runs\data_stackzdpd_lt20g_all_methods_w5_size_desc_20260521\File4_QE-HFX-20190719_50cm_60min_Fr1.uncompressed_4d85e18f\trackcodec","<MSCODEC_ROOT>\benchmark\compression_benchmark_runs\data_stackzdpd_lt20g_all_methods_w5_size_desc_20260521\File4_QE-HFX-20190719_50cm_60min_Fr1.uncompressed_4d85e18f\trackcodec\File4_QE-HFX-20190719_50cm_60min_Fr1.uncompressed.tcarchive"
"File3_QE-HFX-20190719_50cm_60min_OFe4_2.uncompressed.mzML","<MSCODEC_ROOT>\benchmark\data_StackZDPD\File3_QE-HFX-20190719_50cm_60min_OFe4_2.uncompressed.mzML","msconvert_zlib","msconvert zlib","ok","1632946723","1111303691","1.4693973719556377","0.680551101482568","83.61349640000844","","<MSCODEC_ROOT>\benchmark\compression_benchmark_runs\data_stackzdpd_lt20g_all_methods_w5_size_desc_20260521\File3_QE-HFX-20190719_50cm_60min_OFe4_2.uncompressed_b29d815b\msconvert_zlib","<MSCODEC_ROOT>\benchmark\compression_benchmark_runs\data_stackzdpd_lt20g_all_methods_w5_size_desc_20260521\File3_QE-HFX-20190719_50cm_60min_OFe4_2.uncompressed_b29d815b\msconvert_zlib\File3_QE-HFX-20190719_50cm_60min_OFe4_2.mzML; <MSCODEC_ROOT>\benchmark\compression_benchmark_runs\data_stackzdpd_lt20g_all_methods_w5_size_desc_20260521\File3_QE-HFX-20190719_50cm_60min_OFe4_2.uncompressed_b29d815b\msconvert_zlib\msconvert.stderr.log; <MSCODEC_ROOT>\benchmark\compression_benchmark_runs\data_stackzdpd_lt20g_all_methods_w5_size_desc_20260521\File3_QE-HFX-20190719_50cm_60min_OFe4_2.uncompressed_b29d815b\msconvert_zlib\msconvert.stdout.log"
"File3_QE-HFX-20190719_50cm_60min_OFe4_2.uncompressed.mzML","<MSCODEC_ROOT>\benchmark\data_StackZDPD\File3_QE-HFX-20190719_50cm_60min_OFe4_2.uncompressed.mzML","msconvert_gzip","msconvert gzip","ok","1632946723","783901242","2.083102609754508","0.4800531646003983","188.68743960000575","","<MSCODEC_ROOT>\benchmark\compression_benchmark_runs\data_stackzdpd_lt20g_all_methods_w5_size_desc_20260521\File3_QE-HFX-20190719_50cm_60min_OFe4_2.uncompressed_b29d815b\msconvert_gzip","<MSCODEC_ROOT>\benchmark\compression_benchmark_runs\data_stackzdpd_lt20g_all_methods_w5_size_desc_20260521\File3_QE-HFX-20190719_50cm_60min_OFe4_2.uncompressed_b29d815b\msconvert_gzip\File3_QE-HFX-20190719_50cm_60min_OFe4_2.mzML.gz; <MSCODEC_ROOT>\benchmark\compression_benchmark_runs\data_stackzdpd_lt20g_all_methods_w5_size_desc_20260521\File3_QE-HFX-20190719_50cm_60min_OFe4_2.uncompressed_b29d815b\msconvert_gzip\msconvert.stderr.log; <MSCODEC_ROOT>\benchmark\compression_benchmark_runs\data_stackzdpd_lt20g_all_methods_w5_size_desc_20260521\File3_QE-HFX-20190719_50cm_60min_OFe4_2.uncompressed_b29d815b\msconvert_gzip\msconvert.stdout.log"
"File3_QE-HFX-20190719_50cm_60min_OFe4_2.uncompressed.mzML","<MSCODEC_ROOT>\benchmark\data_StackZDPD\File3_QE-HFX-20190719_50cm_60min_OFe4_2.uncompressed.mzML","msconvert_numpress","msconvert numpressAll+zlib","ok","1632946723","636425209","2.56581087597993","0.3897403387605806","49.74291799997445","","<MSCODEC_ROOT>\benchmark\compression_benchmark_runs\data_stackzdpd_lt20g_all_methods_w5_size_desc_20260521\File3_QE-HFX-20190719_50cm_60min_OFe4_2.uncompressed_b29d815b\msconvert_numpress","<MSCODEC_ROOT>\benchmark\compression_benchmark_runs\data_stackzdpd_lt20g_all_methods_w5_size_desc_20260521\File3_QE-HFX-20190719_50cm_60min_OFe4_2.uncompressed_b29d815b\msconvert_numpress\File3_QE-HFX-20190719_50cm_60min_OFe4_2.mzML; <MSCODEC_ROOT>\benchmark\compression_benchmark_runs\data_stackzdpd_lt20g_all_methods_w5_size_desc_20260521\File3_QE-HFX-20190719_50cm_60min_OFe4_2.uncompressed_b29d815b\msconvert_numpress\msconvert.stderr.log; <MSCODEC_ROOT>\benchmark\compression_benchmark_runs\data_stackzdpd_lt20g_all_methods_w5_size_desc_20260521\File3_QE-HFX-20190719_50cm_60min_OFe4_2.uncompressed_b29d815b\msconvert_numpress\msconvert.stdout.log"
"File3_QE-HFX-20190719_50cm_60min_OFe4_2.uncompressed.mzML","<MSCODEC_ROOT>\benchmark\data_StackZDPD\File3_QE-HFX-20190719_50cm_60min_OFe4_2.uncompressed.mzML","mspack","mspack","ok","1632946723","427023914","3.8240170385399073","0.26150511096619533","477.14480980008375","Elapsed time includes msconvert normalization to uncompressed, non-indexed mzML with 64-bit m/z, 32-bit intensity, and 64-bit rt; mspack cannot read zlib-compressed binary arrays.","<MSCODEC_ROOT>\mspack_fix64_20files_20260523\File3_QE-HFX-20190719_50cm_60min_OFe4_2.uncompressed_b29d815b\mspack","<MSCODEC_ROOT>\mspack_fix64_20files_20260523\File3_QE-HFX-20190719_50cm_60min_OFe4_2.uncompressed_b29d815b\mspack\File3_QE-HFX-20190719_50cm_60min_OFe4_2.uncompressed.mgz"
"File3_QE-HFX-20190719_50cm_60min_OFe4_2.uncompressed.mzML","<MSCODEC_ROOT>\benchmark\data_StackZDPD\File3_QE-HFX-20190719_50cm_60min_OFe4_2.uncompressed.mzML","masscomp","MassComp","ok","1632946723","626555348","2.6062290078800827","0.38369613605575054","4538.378528900037","Elapsed time includes mzML to mzXML conversion with 64-bit m/z, 32-bit intensity, and 64-bit rt. masscomp.cmd uses the 64-bit-safe MassComp build when available, so >2GB mzXML files do not trigger the original tinyxml2 file-length overflow.","<MSCODEC_ROOT>\masscomp_mz64int32_w10_20260522_run3\File3_QE-HFX-20190719_50cm_60min_OFe4_2.uncompressed_b29d815b\masscomp","<MSCODEC_ROOT>\masscomp_mz64int32_w10_20260522_run3\File3_QE-HFX-20190719_50cm_60min_OFe4_2.uncompressed_b29d815b\masscomp\File3_QE-HFX-20190719_50cm_60min_OFe4_2.uncompressed.masscomp"
"File3_QE-HFX-20190719_50cm_60min_OFe4_2.uncompressed.mzML","<MSCODEC_ROOT>\benchmark\data_StackZDPD\File3_QE-HFX-20190719_50cm_60min_OFe4_2.uncompressed.mzML","airdpro","airdpro-compress","ok","1632946723","353671384","4.617129903277671","0.21658476606649218","55.884347299986985","","<MSCODEC_ROOT>\benchmark\compression_benchmark_runs\data_stackzdpd_lt20g_all_methods_w5_size_desc_20260521\File3_QE-HFX-20190719_50cm_60min_OFe4_2.uncompressed_b29d815b\airdpro","<MSCODEC_ROOT>\benchmark\compression_benchmark_runs\data_stackzdpd_lt20g_all_methods_w5_size_desc_20260521\File3_QE-HFX-20190719_50cm_60min_OFe4_2.uncompressed_b29d815b\airdpro\File3_QE-HFX-20190719_50cm_60min_OFe4_2.uncompressed.aird; <MSCODEC_ROOT>\benchmark\compression_benchmark_runs\data_stackzdpd_lt20g_all_methods_w5_size_desc_20260521\File3_QE-HFX-20190719_50cm_60min_OFe4_2.uncompressed_b29d815b\airdpro\File3_QE-HFX-20190719_50cm_60min_OFe4_2.uncompressed.json"
"File3_QE-HFX-20190719_50cm_60min_OFe4_2.uncompressed.mzML","<MSCODEC_ROOT>\benchmark\data_StackZDPD\File3_QE-HFX-20190719_50cm_60min_OFe4_2.uncompressed.mzML","zdpd","ZDPD wrapper","ok","1632946723","355780143","4.589763524267289","0.21787614867579486","50.43043109995779","zdpd.cmd calls airdpro-compress.cmd; config used: ZDPD.","<MSCODEC_ROOT>\benchmark\compression_benchmark_runs\data_stackzdpd_lt20g_all_methods_w5_size_desc_20260521\File3_QE-HFX-20190719_50cm_60min_OFe4_2.uncompressed_b29d815b\zdpd","<MSCODEC_ROOT>\benchmark\compression_benchmark_runs\data_stackzdpd_lt20g_all_methods_w5_size_desc_20260521\File3_QE-HFX-20190719_50cm_60min_OFe4_2.uncompressed_b29d815b\zdpd\File3_QE-HFX-20190719_50cm_60min_OFe4_2.uncompressed_with_zero_ZDPD.aird; <MSCODEC_ROOT>\benchmark\compression_benchmark_runs\data_stackzdpd_lt20g_all_methods_w5_size_desc_20260521\File3_QE-HFX-20190719_50cm_60min_OFe4_2.uncompressed_b29d815b\zdpd\File3_QE-HFX-20190719_50cm_60min_OFe4_2.uncompressed_with_zero_ZDPD.json"
"File3_QE-HFX-20190719_50cm_60min_OFe4_2.uncompressed.mzML","<MSCODEC_ROOT>\benchmark\data_StackZDPD\File3_QE-HFX-20190719_50cm_60min_OFe4_2.uncompressed.mzML","stackzdpd","StackZDPD wrapper","error","1632946723","","","","29.16634029999841","AirdPro wrapper returned a non-zero exit code.","<MSCODEC_ROOT>\benchmark\compression_benchmark_runs\data_stackzdpd_lt20g_all_methods_w5_size_desc_20260521\File3_QE-HFX-20190719_50cm_60min_OFe4_2.uncompressed_b29d815b\stackzdpd",""
"File3_QE-HFX-20190719_50cm_60min_OFe4_2.uncompressed.mzML","<MSCODEC_ROOT>\benchmark\data_StackZDPD\File3_QE-HFX-20190719_50cm_60min_OFe4_2.uncompressed.mzML","trackcodec","TrackCodec","ok","1632946723","310713056","5.255481517326391","0.19027752199359416","1076.009378799994","Stats JSON: <MSCODEC_ROOT>\benchmark\compression_benchmark_runs\data_stackzdpd_lt20g_all_methods_w5_size_desc_20260521\File3_QE-HFX-20190719_50cm_60min_OFe4_2.uncompressed_b29d815b\trackcodec\File3_QE-HFX-20190719_50cm_60min_OFe4_2.uncompressed.stats.json","<MSCODEC_ROOT>\benchmark\compression_benchmark_runs\data_stackzdpd_lt20g_all_methods_w5_size_desc_20260521\File3_QE-HFX-20190719_50cm_60min_OFe4_2.uncompressed_b29d815b\trackcodec","<MSCODEC_ROOT>\benchmark\compression_benchmark_runs\data_stackzdpd_lt20g_all_methods_w5_size_desc_20260521\File3_QE-HFX-20190719_50cm_60min_OFe4_2.uncompressed_b29d815b\trackcodec\File3_QE-HFX-20190719_50cm_60min_OFe4_2.uncompressed.tcarchive"
"File6_Negative_000333.uncompressed.mzML","<MSCODEC_ROOT>\benchmark\data_StackZDPD\File6_Negative_000333.uncompressed.mzML","msconvert_zlib","msconvert zlib","ok","820448439","601794467","1.3633366273538703","0.733494560284001","41.08447890001116","","<MSCODEC_ROOT>\benchmark\compression_benchmark_runs\data_stackzdpd_lt20g_all_methods_w5_size_desc_20260521\File6_Negative_000333.uncompressed_1162bb72\msconvert_zlib","<MSCODEC_ROOT>\benchmark\compression_benchmark_runs\data_stackzdpd_lt20g_all_methods_w5_size_desc_20260521\File6_Negative_000333.uncompressed_1162bb72\msconvert_zlib\File6_Negative_000333.mzML; <MSCODEC_ROOT>\benchmark\compression_benchmark_runs\data_stackzdpd_lt20g_all_methods_w5_size_desc_20260521\File6_Negative_000333.uncompressed_1162bb72\msconvert_zlib\msconvert.stderr.log; <MSCODEC_ROOT>\benchmark\compression_benchmark_runs\data_stackzdpd_lt20g_all_methods_w5_size_desc_20260521\File6_Negative_000333.uncompressed_1162bb72\msconvert_zlib\msconvert.stdout.log"
"File6_Negative_000333.uncompressed.mzML","<MSCODEC_ROOT>\benchmark\data_StackZDPD\File6_Negative_000333.uncompressed.mzML","msconvert_gzip","msconvert gzip","ok","820448439","374090754","2.1931802115590378","0.4559588832370245","66.97980219998863","","<MSCODEC_ROOT>\benchmark\compression_benchmark_runs\data_stackzdpd_lt20g_all_methods_w5_size_desc_20260521\File6_Negative_000333.uncompressed_1162bb72\msconvert_gzip","<MSCODEC_ROOT>\benchmark\compression_benchmark_runs\data_stackzdpd_lt20g_all_methods_w5_size_desc_20260521\File6_Negative_000333.uncompressed_1162bb72\msconvert_gzip\File6_Negative_000333.mzML.gz; <MSCODEC_ROOT>\benchmark\compression_benchmark_runs\data_stackzdpd_lt20g_all_methods_w5_size_desc_20260521\File6_Negative_000333.uncompressed_1162bb72\msconvert_gzip\msconvert.stderr.log; <MSCODEC_ROOT>\benchmark\compression_benchmark_runs\data_stackzdpd_lt20g_all_methods_w5_size_desc_20260521\File6_Negative_000333.uncompressed_1162bb72\msconvert_gzip\msconvert.stdout.log"
"File6_Negative_000333.uncompressed.mzML","<MSCODEC_ROOT>\benchmark\data_StackZDPD\File6_Negative_000333.uncompressed.mzML","msconvert_numpress","msconvert numpressAll+zlib","ok","820448439","292982385","2.8003336753504824","0.3571003015827543","26.73563860001741","","<MSCODEC_ROOT>\benchmark\compression_benchmark_runs\data_stackzdpd_lt20g_all_methods_w5_size_desc_20260521\File6_Negative_000333.uncompressed_1162bb72\msconvert_numpress","<MSCODEC_ROOT>\benchmark\compression_benchmark_runs\data_stackzdpd_lt20g_all_methods_w5_size_desc_20260521\File6_Negative_000333.uncompressed_1162bb72\msconvert_numpress\File6_Negative_000333.mzML; <MSCODEC_ROOT>\benchmark\compression_benchmark_runs\data_stackzdpd_lt20g_all_methods_w5_size_desc_20260521\File6_Negative_000333.uncompressed_1162bb72\msconvert_numpress\msconvert.stderr.log; <MSCODEC_ROOT>\benchmark\compression_benchmark_runs\data_stackzdpd_lt20g_all_methods_w5_size_desc_20260521\File6_Negative_000333.uncompressed_1162bb72\msconvert_numpress\msconvert.stdout.log"
"File6_Negative_000333.uncompressed.mzML","<MSCODEC_ROOT>\benchmark\data_StackZDPD\File6_Negative_000333.uncompressed.mzML","mspack","mspack","ok","820448439","178169801","4.604868133629447","0.21716148453784798","151.019132800051","Elapsed time includes msconvert normalization to uncompressed, non-indexed mzML with 64-bit m/z, 32-bit intensity, and 64-bit rt; mspack cannot read zlib-compressed binary arrays.","<MSCODEC_ROOT>\mspack_fix64_20files_20260523\File6_Negative_000333.uncompressed_1162bb72\mspack","<MSCODEC_ROOT>\mspack_fix64_20files_20260523\File6_Negative_000333.uncompressed_1162bb72\mspack\File6_Negative_000333.uncompressed.mgz"
"File6_Negative_000333.uncompressed.mzML","<MSCODEC_ROOT>\benchmark\data_StackZDPD\File6_Negative_000333.uncompressed.mzML","masscomp","MassComp","ok","820448439","309089251","2.654406247857516","0.37673208492752097","3447.040150100016","Elapsed time includes mzML to mzXML conversion with 64-bit m/z, 32-bit intensity, and 64-bit rt. masscomp.cmd uses the 64-bit-safe MassComp build when available, so >2GB mzXML files do not trigger the original tinyxml2 file-length overflow.","<MSCODEC_ROOT>\masscomp_mz64int32_w10_20260522_run3\File6_Negative_000333.uncompressed_1162bb72\masscomp","<MSCODEC_ROOT>\masscomp_mz64int32_w10_20260522_run3\File6_Negative_000333.uncompressed_1162bb72\masscomp\File6_Negative_000333.uncompressed.masscomp"
"File6_Negative_000333.uncompressed.mzML","<MSCODEC_ROOT>\benchmark\data_StackZDPD\File6_Negative_000333.uncompressed.mzML","airdpro","airdpro-compress","ok","820448439","100905609","8.130850674515031","0.12298836124667184","30.018968800024595","","<MSCODEC_ROOT>\benchmark\compression_benchmark_runs\data_stackzdpd_lt20g_all_methods_w5_size_desc_20260521\File6_Negative_000333.uncompressed_1162bb72\airdpro","<MSCODEC_ROOT>\benchmark\compression_benchmark_runs\data_stackzdpd_lt20g_all_methods_w5_size_desc_20260521\File6_Negative_000333.uncompressed_1162bb72\airdpro\File6_Negative_000333.uncompressed.aird; <MSCODEC_ROOT>\benchmark\compression_benchmark_runs\data_stackzdpd_lt20g_all_methods_w5_size_desc_20260521\File6_Negative_000333.uncompressed_1162bb72\airdpro\File6_Negative_000333.uncompressed.json"
"File6_Negative_000333.uncompressed.mzML","<MSCODEC_ROOT>\benchmark\data_StackZDPD\File6_Negative_000333.uncompressed.mzML","zdpd","ZDPD wrapper","ok","820448439","102247993","8.024103113691435","0.1246245201278273","30.820846799993888","zdpd.cmd calls airdpro-compress.cmd; config used: ZDPD.","<MSCODEC_ROOT>\benchmark\compression_benchmark_runs\data_stackzdpd_lt20g_all_methods_w5_size_desc_20260521\File6_Negative_000333.uncompressed_1162bb72\zdpd","<MSCODEC_ROOT>\benchmark\compression_benchmark_runs\data_stackzdpd_lt20g_all_methods_w5_size_desc_20260521\File6_Negative_000333.uncompressed_1162bb72\zdpd\File6_Negative_000333.uncompressed_with_zero_ZDPD.aird; <MSCODEC_ROOT>\benchmark\compression_benchmark_runs\data_stackzdpd_lt20g_all_methods_w5_size_desc_20260521\File6_Negative_000333.uncompressed_1162bb72\zdpd\File6_Negative_000333.uncompressed_with_zero_ZDPD.json"
"File6_Negative_000333.uncompressed.mzML","<MSCODEC_ROOT>\benchmark\data_StackZDPD\File6_Negative_000333.uncompressed.mzML","stackzdpd","StackZDPD wrapper","error","820448439","","","","21.979188499972224","AirdPro wrapper returned a non-zero exit code.","<MSCODEC_ROOT>\benchmark\compression_benchmark_runs\data_stackzdpd_lt20g_all_methods_w5_size_desc_20260521\File6_Negative_000333.uncompressed_1162bb72\stackzdpd",""
"File6_Negative_000333.uncompressed.mzML","<MSCODEC_ROOT>\benchmark\data_StackZDPD\File6_Negative_000333.uncompressed.mzML","trackcodec","TrackCodec","ok","820448439","86764397","9.456049570655116","0.10575240670303719","538.0421648000483","Stats JSON: <MSCODEC_ROOT>\benchmark\compression_benchmark_runs\data_stackzdpd_lt20g_all_methods_w5_size_desc_20260521\File6_Negative_000333.uncompressed_1162bb72\trackcodec\File6_Negative_000333.uncompressed.stats.json","<MSCODEC_ROOT>\benchmark\compression_benchmark_runs\data_stackzdpd_lt20g_all_methods_w5_size_desc_20260521\File6_Negative_000333.uncompressed_1162bb72\trackcodec","<MSCODEC_ROOT>\benchmark\compression_benchmark_runs\data_stackzdpd_lt20g_all_methods_w5_size_desc_20260521\File6_Negative_000333.uncompressed_1162bb72\trackcodec\File6_Negative_000333.uncompressed.tcarchive"
"Set 1_F2.uncompressed.mzML","<MSCODEC_ROOT>\benchmark\data_StackZDPD\Set 1_F2.uncompressed.mzML","msconvert_zlib","msconvert zlib","ok","338149594","311440058","1.0857614019581256","0.9210126628157359","16.44869099999778","","<MSCODEC_ROOT>\benchmark\compression_benchmark_runs\data_stackzdpd_lt20g_all_methods_w5_size_desc_20260521\Set_1_F2.uncompressed_8d94c383\msconvert_zlib","<MSCODEC_ROOT>\benchmark\compression_benchmark_runs\data_stackzdpd_lt20g_all_methods_w5_size_desc_20260521\Set_1_F2.uncompressed_8d94c383\msconvert_zlib\msconvert.stderr.log; <MSCODEC_ROOT>\benchmark\compression_benchmark_runs\data_stackzdpd_lt20g_all_methods_w5_size_desc_20260521\Set_1_F2.uncompressed_8d94c383\msconvert_zlib\msconvert.stdout.log; <MSCODEC_ROOT>\benchmark\compression_benchmark_runs\data_stackzdpd_lt20g_all_methods_w5_size_desc_20260521\Set_1_F2.uncompressed_8d94c383\msconvert_zlib\Set 1_F2.mzML"
"Set 1_F2.uncompressed.mzML","<MSCODEC_ROOT>\benchmark\data_StackZDPD\Set 1_F2.uncompressed.mzML","msconvert_gzip","msconvert gzip","ok","338149594","196901912","1.717350484641307","0.5822923211908396","29.000519399996847","","<MSCODEC_ROOT>\benchmark\compression_benchmark_runs\data_stackzdpd_lt20g_all_methods_w5_size_desc_20260521\Set_1_F2.uncompressed_8d94c383\msconvert_gzip","<MSCODEC_ROOT>\benchmark\compression_benchmark_runs\data_stackzdpd_lt20g_all_methods_w5_size_desc_20260521\Set_1_F2.uncompressed_8d94c383\msconvert_gzip\msconvert.stderr.log; <MSCODEC_ROOT>\benchmark\compression_benchmark_runs\data_stackzdpd_lt20g_all_methods_w5_size_desc_20260521\Set_1_F2.uncompressed_8d94c383\msconvert_gzip\msconvert.stdout.log; <MSCODEC_ROOT>\benchmark\compression_benchmark_runs\data_stackzdpd_lt20g_all_methods_w5_size_desc_20260521\Set_1_F2.uncompressed_8d94c383\msconvert_gzip\Set 1_F2.mzML.gz"
"Set 1_F2.uncompressed.mzML","<MSCODEC_ROOT>\benchmark\data_StackZDPD\Set 1_F2.uncompressed.mzML","msconvert_numpress","msconvert numpressAll+zlib","ok","338149594","207277636","1.6313848446245305","0.6129761492483117","12.984734099998605","","<MSCODEC_ROOT>\benchmark\compression_benchmark_runs\data_stackzdpd_lt20g_all_methods_w5_size_desc_20260521\Set_1_F2.uncompressed_8d94c383\msconvert_numpress","<MSCODEC_ROOT>\benchmark\compression_benchmark_runs\data_stackzdpd_lt20g_all_methods_w5_size_desc_20260521\Set_1_F2.uncompressed_8d94c383\msconvert_numpress\msconvert.stderr.log; <MSCODEC_ROOT>\benchmark\compression_benchmark_runs\data_stackzdpd_lt20g_all_methods_w5_size_desc_20260521\Set_1_F2.uncompressed_8d94c383\msconvert_numpress\msconvert.stdout.log; <MSCODEC_ROOT>\benchmark\compression_benchmark_runs\data_stackzdpd_lt20g_all_methods_w5_size_desc_20260521\Set_1_F2.uncompressed_8d94c383\msconvert_numpress\Set 1_F2.mzML"
"Set 1_F2.uncompressed.mzML","<MSCODEC_ROOT>\benchmark\data_StackZDPD\Set 1_F2.uncompressed.mzML","mspack","mspack","ok","338149594","145787288","2.319472422039979","0.4311325241455118","47.82124560000375","Elapsed time includes msconvert normalization to uncompressed, non-indexed mzML with 64-bit m/z, 32-bit intensity, and 64-bit rt; mspack cannot read zlib-compressed binary arrays.","<MSCODEC_ROOT>\mspack_fix64_20files_20260523\Set_1_F2.uncompressed_8d94c383\mspack","<MSCODEC_ROOT>\mspack_fix64_20files_20260523\Set_1_F2.uncompressed_8d94c383\mspack\Set_1_F2.uncompressed.mgz"
"Set 1_F2.uncompressed.mzML","<MSCODEC_ROOT>\benchmark\data_StackZDPD\Set 1_F2.uncompressed.mzML","masscomp","MassComp","ok","338149594","163805835","2.064331798681042","0.48441825129028543","2296.3594123999937","Elapsed time includes mzML to mzXML conversion with 64-bit m/z, 32-bit intensity, and 64-bit rt. masscomp.cmd uses the 64-bit-safe MassComp build when available, so >2GB mzXML files do not trigger the original tinyxml2 file-length overflow.","<MSCODEC_ROOT>\masscomp_mz64int32_w10_20260522_run3\Set_1_F2.uncompressed_8d94c383\masscomp","<MSCODEC_ROOT>\masscomp_mz64int32_w10_20260522_run3\Set_1_F2.uncompressed_8d94c383\masscomp\Set_1_F2.uncompressed.masscomp"
"Set 1_F2.uncompressed.mzML","<MSCODEC_ROOT>\benchmark\data_StackZDPD\Set 1_F2.uncompressed.mzML","airdpro","airdpro-compress","ok","338149594","81111773","4.168933577620107","0.23986949693040294","16.994101600022987","","<MSCODEC_ROOT>\benchmark\compression_benchmark_runs\data_stackzdpd_lt20g_all_methods_w5_size_desc_20260521\Set_1_F2.uncompressed_8d94c383\airdpro","<MSCODEC_ROOT>\benchmark\compression_benchmark_runs\data_stackzdpd_lt20g_all_methods_w5_size_desc_20260521\Set_1_F2.uncompressed_8d94c383\airdpro\Set 1_F2.uncompressed.aird; <MSCODEC_ROOT>\benchmark\compression_benchmark_runs\data_stackzdpd_lt20g_all_methods_w5_size_desc_20260521\Set_1_F2.uncompressed_8d94c383\airdpro\Set 1_F2.uncompressed.json"
"Set 1_F2.uncompressed.mzML","<MSCODEC_ROOT>\benchmark\data_StackZDPD\Set 1_F2.uncompressed.mzML","zdpd","ZDPD wrapper","ok","338149594","80855050","4.182170365363697","0.23911029743835802","16.16837289999239","zdpd.cmd calls airdpro-compress.cmd; config used: ZDPD.","<MSCODEC_ROOT>\benchmark\compression_benchmark_runs\data_stackzdpd_lt20g_all_methods_w5_size_desc_20260521\Set_1_F2.uncompressed_8d94c383\zdpd","<MSCODEC_ROOT>\benchmark\compression_benchmark_runs\data_stackzdpd_lt20g_all_methods_w5_size_desc_20260521\Set_1_F2.uncompressed_8d94c383\zdpd\Set 1_F2.uncompressed_with_zero_ZDPD.aird; <MSCODEC_ROOT>\benchmark\compression_benchmark_runs\data_stackzdpd_lt20g_all_methods_w5_size_desc_20260521\Set_1_F2.uncompressed_8d94c383\zdpd\Set 1_F2.uncompressed_with_zero_ZDPD.json"
"Set 1_F2.uncompressed.mzML","<MSCODEC_ROOT>\benchmark\data_StackZDPD\Set 1_F2.uncompressed.mzML","stackzdpd","StackZDPD wrapper","error","338149594","","","","7.3726726999739185","AirdPro wrapper returned a non-zero exit code.","<MSCODEC_ROOT>\benchmark\compression_benchmark_runs\data_stackzdpd_lt20g_all_methods_w5_size_desc_20260521\Set_1_F2.uncompressed_8d94c383\stackzdpd",""
"Set 1_F2.uncompressed.mzML","<MSCODEC_ROOT>\benchmark\data_StackZDPD\Set 1_F2.uncompressed.mzML","trackcodec","TrackCodec","ok","338149594","78420958","4.311979891905937","0.23191202766903218","271.1083848000271","Stats JSON: <MSCODEC_ROOT>\benchmark\compression_benchmark_runs\data_stackzdpd_lt20g_all_methods_w5_size_desc_20260521\Set_1_F2.uncompressed_8d94c383\trackcodec\Set_1_F2.uncompressed.stats.json","<MSCODEC_ROOT>\benchmark\compression_benchmark_runs\data_stackzdpd_lt20g_all_methods_w5_size_desc_20260521\Set_1_F2.uncompressed_8d94c383\trackcodec","<MSCODEC_ROOT>\benchmark\compression_benchmark_runs\data_stackzdpd_lt20g_all_methods_w5_size_desc_20260521\Set_1_F2.uncompressed_8d94c383\trackcodec\Set_1_F2.uncompressed.tcarchive"
