method,display_name,group,n_files,total_raw_bytes,total_compressed_bytes,compressed_gib,aggregate_compression_ratio,mean_compression_ratio,median_compression_ratio,mean_elapsed_seconds,compression_rate_pct
original_mzml,Original mzML,original,36,142564664587,142564664587,132.77369047235698,1.0,1.0,1.0,nan,100.0
msconvert_zlib,zlib mzML,msconvert,36,142564664587,99344134380,92.52143500372767,1.4350587025266905,1.3569213098797965,1.3947468480810425,440.8105903111104,69.68356055674322
msconvert_gzip,gzip mzML,msconvert,36,142564664587,69858836816,65.0611117631197,2.040753483521328,2.115219231116743,2.06980758426357,574.3206410138971,49.0015089071168
msconvert_numpress,Numpress+zlib,msconvert,36,142564664587,50421367168,46.95855748653412,2.8274652710622825,2.8121698337949512,2.3871520323609534,207.06651151389008,35.36736632044639
mspack,mspack,external,36,142564664587,35745968577,33.29102748725563,3.988272531485698,4.002655342715935,4.147455529542178,2025.6435782500096,25.0735122062354
masscomp,MassComp,external,36,142564664587,55977044862,52.13268554024398,2.5468415658322825,2.634238031533305,2.608877926396268,3091.5555908889073,39.26431912435079
airdpro,AirdPro,airdpro,36,142564664587,25295691556,23.55844858661294,5.635926745524553,5.4789751246346645,5.038002966563727,159.2699199499944,17.743310819185016
zdpd,ZDPD,airdpro,36,142564664587,25615288101,23.85609606374055,5.565608476659468,5.410177322500843,4.940599413640167,163.9563672611144,17.967487368069587
stackzdpd,Stack-ZDPD,airdpro,7,43046825467,4857237977,4.523655378259718,8.862408156823978,7.50561660003731,6.746552194524153,293.0855370142796,11.283614817830395
trackcodec,TrackCodec,trackcodec,36,142564664587,22122088081,20.60280002746731,6.44444882711793,6.223005984232955,6.019893560880101,4523.634255388889,15.51723082650681
