dataset_key,dataset,file,method_rows,is_complete
full8,Full8,01625b_GA1-TUM_first_pool_1_01_01-DDA-1h-R2.true_uncompressed.mzML,9,True
full8,Full8,01625b_GA1-TUM_first_pool_1_01_01-ETD-1h-R2.uncompressed.mzML,9,True
full8,Full8,QC_E4802_240703_DIA_293T_500ng_90min_R1.mzML,9,True
full8,Full8,QC_E4804_240320_DDA_293T_500ng_120min_R1.mzML,9,True
full8,Full8,QC_E4804_240320_DDA_293T_500ng_120min_R1_centroided.mzML,9,True
full8,Full8,QC_E4804_240403_DDA_293T_500ng_120min_R2.mzML,9,True
full8,Full8,QC_E4805_240328_DDA_293T_1ug_60min_NewCol_R2.mzML,9,True
full8,Full8,QC_E4805_240709_DIA_293T_200ng_60min_R1.mzML,9,True
full8,Full8,QC_E4806_240522_DDA_293T_500ng_120min_R1.true_uncompressed.mzML,9,True
full8,Full8,QC_E4804_240429_DDA_293T_500ng_120min_R1.true_uncompressed.mzML,9,True
full8,Full8,QC_E4804_240507_DIA_293T_500ng_120min_R1.true_uncompressed.mzML,9,True
full8,Full8,QC_E4801_240408_DDA_293T_500ng_120min_R1.true_uncompressed.mzML,9,True
full8,Full8,QC_E4804_240628_DIA_293T_500ng_120min_R1.true_uncompressed.mzML,9,True
full8,Full8,QC_E4804_240226_DIA_293T_500ng_120min_R1.true_uncompressed.mzML,9,True
full8,Full8,QC_E4805_240426_DDA_293T_500ng_120min_R1.true_uncompressed.mzML,9,True
full8,Full8,QC_E4804_240308_DIA_293T_500ng_120min_R1.true_uncompressed.mzML,9,True
full8,Full8,QC_E4805_240416_DDA_293T_500ng_120min_R1.true_uncompressed.mzML,9,True
full8,Full8,QC_E4806_240709_DDA_293T_200ng_120min_R1.true_uncompressed.mzML,9,True
full8,Full8,QC_E4804_240320_DIA_293T_500ng_120min_R1.true_uncompressed.mzML,9,True
full8,Full8,QC_E4802_240703_DDA_293T_500ng_60min_R1.true_uncompressed.mzML,9,True
full8,Full8,QC_E4802_240511_DIA_293T_500ng_60min_26w_R1.true_uncompressed.mzML,9,True
full8,Full8,QC_E4802_240508_DIA_293T_500ng_60min_26w_R3.true_uncompressed.mzML,9,True
full8,Full8,QC_E4805_240328_DDA_293T_1ug_60min_NewCol_R1.true_uncompressed.mzML,9,True
data_stackzdpd,Data_StackZDPD,File18_LFQ_TTOF6600_DDA_Human_01.uncompressed.mzML,9,True
data_stackzdpd,Data_StackZDPD,File15_LFQ_Orbitrap_DDA_Human_01.uncompressed.mzML,9,True
data_stackzdpd,Data_StackZDPD,File2_20180722_L929_test_DDA_1.uncompressed.mzML,9,True
data_stackzdpd,Data_StackZDPD,File16_LFQ_TTOF5600_DDA_Human_01.uncompressed.mzML,9,True
data_stackzdpd,Data_StackZDPD,File13_SA1.uncompressed.mzML,9,True
data_stackzdpd,Data_StackZDPD,File14_LFQ_Orbitrap_AIF_Human_01.uncompressed.mzML,9,True
data_stackzdpd,Data_StackZDPD,File5_S8184TPST_01.uncompressed.mzML,9,True
data_stackzdpd,Data_StackZDPD,File4_QE-HFX-20190719_50cm_60min_Fr1.uncompressed.mzML,9,True
data_stackzdpd,Data_StackZDPD,File3_QE-HFX-20190719_50cm_60min_OFe4_2.uncompressed.mzML,9,True
data_stackzdpd,Data_StackZDPD,File6_Negative_000333.uncompressed.mzML,9,True
data_stackzdpd,Data_StackZDPD,Set 1_F2.uncompressed.mzML,9,True
data_stackzdpd,Data_StackZDPD,LFQ_Orbitrap_AIF_Human_01.uncompressed.mzML,9,True
data_stackzdpd,Data_StackZDPD,LFQ_Orbitrap_AIF_Human_02.uncompressed.mzML,9,True
