section,file,file_label,ms_format,label,display_name,family,color_hex,compression_ratio,include_in_aggregate,raw_bytes,compressed_bytes,ms_scans,relative_to_reference_pct
MS1,File13_SA1,File13,,gzip,gzip level 6 raw float64,raw_backend,#C7E4F2,1.925661,yes,2835103104,1472275535,12470,-73.348750
MS1,File13_SA1,File13,,zlib,zlib level 6 raw float64,raw_backend,#9ECAE1,1.925661,yes,2835103104,1472275523,12470,-73.348750
MS1,File13_SA1,File13,,zstd-9,zstd level 9 raw float64,raw_backend,#6BAED6,1.774362,yes,2835103104,1597815482,12470,-75.442736
MS2,File13_SA1,File13,,gzip,gzip level 6 raw float64,raw_backend,#C7E4F2,0.000000,no,0,20,0,
MS2,File13_SA1,File13,,zlib,zlib level 6 raw float64,raw_backend,#9ECAE1,0.000000,no,0,8,0,
MS2,File13_SA1,File13,,zstd-9,zstd level 9 raw float64,raw_backend,#6BAED6,0.000000,no,0,9,0,
MS1,File16_LFQ_TTOF5600_DDA_Human_01,File16,,gzip,gzip level 6 raw float64,raw_backend,#C7E4F2,2.398793,yes,2935850192,1223886300,3454,-83.532728
MS1,File16_LFQ_TTOF5600_DDA_Human_01,File16,,zlib,zlib level 6 raw float64,raw_backend,#9ECAE1,2.398793,yes,2935850192,1223886288,3454,-83.532728
MS1,File16_LFQ_TTOF5600_DDA_Human_01,File16,,zstd-9,zstd level 9 raw float64,raw_backend,#6BAED6,2.061673,yes,2935850192,1424013694,3454,-85.846994
MS2,File16_LFQ_TTOF5600_DDA_Human_01,File16,,gzip,gzip level 6 raw float64,raw_backend,#C7E4F2,2.451197,yes,5190057744,2117356561,29159,-73.125498
MS2,File16_LFQ_TTOF5600_DDA_Human_01,File16,,zlib,zlib level 6 raw float64,raw_backend,#9ECAE1,2.451197,yes,5190057744,2117356549,29159,-73.125498
MS2,File16_LFQ_TTOF5600_DDA_Human_01,File16,,zstd-9,zstd level 9 raw float64,raw_backend,#6BAED6,3.105967,yes,5190057744,1670995774,29159,-65.946712
MS1,File3_QE-HFX-20190719_50cm_60min_OFe4_2,File3,,gzip,gzip level 6 raw float64,raw_backend,#C7E4F2,1.911890,yes,800595872,418745823,2135,-68.415093
MS1,File3_QE-HFX-20190719_50cm_60min_OFe4_2,File3,,zlib,zlib level 6 raw float64,raw_backend,#9ECAE1,1.911890,yes,800595872,418745811,2135,-68.415093
MS1,File3_QE-HFX-20190719_50cm_60min_OFe4_2,File3,,zstd-9,zstd level 9 raw float64,raw_backend,#6BAED6,1.670124,yes,800595872,479363005,2135,-72.409129
MS2,File3_QE-HFX-20190719_50cm_60min_OFe4_2,File3,,gzip,gzip level 6 raw float64,raw_backend,#C7E4F2,2.003684,yes,596502768,297703032,42682,-28.024093
MS2,File3_QE-HFX-20190719_50cm_60min_OFe4_2,File3,,zlib,zlib level 6 raw float64,raw_backend,#9ECAE1,2.003684,yes,596502768,297703020,42682,-28.024093
MS2,File3_QE-HFX-20190719_50cm_60min_OFe4_2,File3,,zstd-9,zstd level 9 raw float64,raw_backend,#6BAED6,2.206140,yes,596502768,270383004,42682,-20.751512
MS1,File4_QE-HFX-20190719_50cm_60min_Fr1,File4,,gzip,gzip level 6 raw float64,raw_backend,#C7E4F2,1.895515,yes,1672192240,882183590,6026,-67.992860
MS1,File4_QE-HFX-20190719_50cm_60min_Fr1,File4,,zlib,zlib level 6 raw float64,raw_backend,#9ECAE1,1.895515,yes,1672192240,882183578,6026,-67.992860
MS1,File4_QE-HFX-20190719_50cm_60min_Fr1,File4,,zstd-9,zstd level 9 raw float64,raw_backend,#6BAED6,1.668567,yes,1672192240,1002172753,6026,-71.825041
MS2,File4_QE-HFX-20190719_50cm_60min_Fr1,File4,,gzip,gzip level 6 raw float64,raw_backend,#C7E4F2,1.936945,yes,167258176,86351547,57705,-19.939281
MS2,File4_QE-HFX-20190719_50cm_60min_Fr1,File4,,zlib,zlib level 6 raw float64,raw_backend,#9ECAE1,1.936945,yes,167258176,86351535,57705,-19.939281
MS2,File4_QE-HFX-20190719_50cm_60min_Fr1,File4,,zstd-9,zstd level 9 raw float64,raw_backend,#6BAED6,2.104018,yes,167258176,79494645,57705,-13.033569
MS1,File5_S8184TPST_01,File5,,gzip,gzip level 6 raw float64,raw_backend,#C7E4F2,1.906439,yes,1796967456,942577795,4768,-69.334044
MS1,File5_S8184TPST_01,File5,,zlib,zlib level 6 raw float64,raw_backend,#9ECAE1,1.906439,yes,1796967456,942577783,4768,-69.334044
MS1,File5_S8184TPST_01,File5,,zstd-9,zstd level 9 raw float64,raw_backend,#6BAED6,1.658531,yes,1796967456,1083469244,4768,-73.321759
MS2,File5_S8184TPST_01,File5,,gzip,gzip level 6 raw float64,raw_backend,#C7E4F2,1.844322,yes,531217136,288028448,19801,-66.670841
MS2,File5_S8184TPST_01,File5,,zlib,zlib level 6 raw float64,raw_backend,#9ECAE1,1.844322,yes,531217136,288028436,19801,-66.670841
MS2,File5_S8184TPST_01,File5,,zstd-9,zstd level 9 raw float64,raw_backend,#6BAED6,1.686243,yes,531217136,315029961,19801,-69.527522
MS1,File6_Negative_000333,File6,,gzip,gzip level 6 raw float64,raw_backend,#C7E4F2,1.913823,yes,521787216,272641346,3047,-72.709753
MS1,File6_Negative_000333,File6,,zlib,zlib level 6 raw float64,raw_backend,#9ECAE1,1.913823,yes,521787216,272641334,3047,-72.709753
MS1,File6_Negative_000333,File6,,zstd-9,zstd level 9 raw float64,raw_backend,#6BAED6,1.778257,yes,521787216,293426154,3047,-74.642863
MS2,File6_Negative_000333,File6,,gzip,gzip level 6 raw float64,raw_backend,#C7E4F2,1.864567,yes,122260464,65570423,30442,-69.034456
MS2,File6_Negative_000333,File6,,zlib,zlib level 6 raw float64,raw_backend,#9ECAE1,1.864568,yes,122260464,65570411,30442,-69.034440
MS2,File6_Negative_000333,File6,,zstd-9,zstd level 9 raw float64,raw_backend,#6BAED6,1.863731,yes,122260464,65599860,30442,-69.048340
MS1,Set_1_F2,Set_1_F2,MS1 centroid / MS2 centroid,gzip,gzip level 6 raw float64,raw_backend,#C7E4F2,1.388320,yes,118460528,85326502,7641,-58.127349
MS1,Set_1_F2,Set_1_F2,MS1 centroid / MS2 centroid,zlib,zlib level 6 raw float64,raw_backend,#9ECAE1,1.388321,yes,118460528,85326490,7641,-58.127318
MS1,Set_1_F2,Set_1_F2,MS1 centroid / MS2 centroid,zstd-9,zstd level 9 raw float64,raw_backend,#6BAED6,1.386640,yes,118460528,85429884,7641,-58.178018
MS2,Set_1_F2,Set_1_F2,MS1 centroid / MS2 centroid,gzip,gzip level 6 raw float64,raw_backend,#C7E4F2,1.373912,yes,145593408,105969930,10635,-59.964881
MS2,Set_1_F2,Set_1_F2,MS1 centroid / MS2 centroid,zlib,zlib level 6 raw float64,raw_backend,#9ECAE1,1.373913,yes,145593408,105969918,10635,-59.964852
MS2,Set_1_F2,Set_1_F2,MS1 centroid / MS2 centroid,zstd-9,zstd level 9 raw float64,raw_backend,#6BAED6,1.484853,yes,145593408,98052381,10635,-56.732115
MS1,QC_E4804_240429_DDA_293T_500ng_120min_R1.true_uncompressed,QC_E4804_240429_DDA_293T_500ng_120min_R1.true_uncompressed,,gzip,gzip level 6 raw float64,raw_backend,#C7E4F2,1.907302,yes,2628432480,1378089510,9187,-66.284107
MS1,QC_E4804_240429_DDA_293T_500ng_120min_R1.true_uncompressed,QC_E4804_240429_DDA_293T_500ng_120min_R1.true_uncompressed,,zlib,zlib level 6 raw float64,raw_backend,#9ECAE1,1.907302,yes,2628432480,1378089498,9187,-66.284107
MS1,QC_E4804_240429_DDA_293T_500ng_120min_R1.true_uncompressed,QC_E4804_240429_DDA_293T_500ng_120min_R1.true_uncompressed,,zstd-9,zstd level 9 raw float64,raw_backend,#6BAED6,1.676179,yes,2628432480,1568110120,9187,-70.369731
MS2,QC_E4804_240429_DDA_293T_500ng_120min_R1.true_uncompressed,QC_E4804_240429_DDA_293T_500ng_120min_R1.true_uncompressed,,gzip,gzip level 6 raw float64,raw_backend,#C7E4F2,1.936482,yes,798296720,412240614,182549,-22.771633
MS2,QC_E4804_240429_DDA_293T_500ng_120min_R1.true_uncompressed,QC_E4804_240429_DDA_293T_500ng_120min_R1.true_uncompressed,,zlib,zlib level 6 raw float64,raw_backend,#9ECAE1,1.936483,yes,798296720,412240602,182549,-22.771593
MS2,QC_E4804_240429_DDA_293T_500ng_120min_R1.true_uncompressed,QC_E4804_240429_DDA_293T_500ng_120min_R1.true_uncompressed,,zstd-9,zstd level 9 raw float64,raw_backend,#6BAED6,2.123950,yes,798296720,375854823,182549,-15.295267
MS1,QC_E4806_240522_DDA_293T_500ng_120min_R1.true_uncompressed,QC_E4806_240522_DDA_293T_500ng_120min_R1.true_uncompressed,,gzip,gzip level 6 raw float64,raw_backend,#C7E4F2,1.889252,yes,4893524336,2590190983,37800,-71.421920
MS1,QC_E4806_240522_DDA_293T_500ng_120min_R1.true_uncompressed,QC_E4806_240522_DDA_293T_500ng_120min_R1.true_uncompressed,,zlib,zlib level 6 raw float64,raw_backend,#9ECAE1,1.889252,yes,4893524336,2590190971,37800,-71.421920
MS1,QC_E4806_240522_DDA_293T_500ng_120min_R1.true_uncompressed,QC_E4806_240522_DDA_293T_500ng_120min_R1.true_uncompressed,,zstd-9,zstd level 9 raw float64,raw_backend,#6BAED6,1.826564,yes,4893524336,2679087557,37800,-72.370180
MS2,QC_E4806_240522_DDA_293T_500ng_120min_R1.true_uncompressed,QC_E4806_240522_DDA_293T_500ng_120min_R1.true_uncompressed,,gzip,gzip level 6 raw float64,raw_backend,#C7E4F2,1.939023,yes,13053744,6732124,40204,-2.191214
MS2,QC_E4806_240522_DDA_293T_500ng_120min_R1.true_uncompressed,QC_E4806_240522_DDA_293T_500ng_120min_R1.true_uncompressed,,zlib,zlib level 6 raw float64,raw_backend,#9ECAE1,1.939027,yes,13053744,6732112,40204,-2.191012
MS2,QC_E4806_240522_DDA_293T_500ng_120min_R1.true_uncompressed,QC_E4806_240522_DDA_293T_500ng_120min_R1.true_uncompressed,,zstd-9,zstd level 9 raw float64,raw_backend,#6BAED6,2.106676,yes,13053744,6196370,40204,6.265590
MS1,QC_E4806_240709_DDA_293T_200ng_120min_R1.true_uncompressed,QC_E4806_240709_DDA_293T_200ng_120min_R1.true_uncompressed,,gzip,gzip level 6 raw float64,raw_backend,#C7E4F2,1.897843,yes,2785252112,1467588464,11093,-68.919761
MS1,QC_E4806_240709_DDA_293T_200ng_120min_R1.true_uncompressed,QC_E4806_240709_DDA_293T_200ng_120min_R1.true_uncompressed,,zlib,zlib level 6 raw float64,raw_backend,#9ECAE1,1.897843,yes,2785252112,1467588452,11093,-68.919761
MS1,QC_E4806_240709_DDA_293T_200ng_120min_R1.true_uncompressed,QC_E4806_240709_DDA_293T_200ng_120min_R1.true_uncompressed,,zstd-9,zstd level 9 raw float64,raw_backend,#6BAED6,1.696419,yes,2785252112,1641842022,11093,-72.218404
MS2,QC_E4806_240709_DDA_293T_200ng_120min_R1.true_uncompressed,QC_E4806_240709_DDA_293T_200ng_120min_R1.true_uncompressed,,gzip,gzip level 6 raw float64,raw_backend,#C7E4F2,1.935229,yes,412918096,213369118,172014,-19.551027
MS2,QC_E4806_240709_DDA_293T_200ng_120min_R1.true_uncompressed,QC_E4806_240709_DDA_293T_200ng_120min_R1.true_uncompressed,,zlib,zlib level 6 raw float64,raw_backend,#9ECAE1,1.935229,yes,412918096,213369106,172014,-19.551027
MS2,QC_E4806_240709_DDA_293T_200ng_120min_R1.true_uncompressed,QC_E4806_240709_DDA_293T_200ng_120min_R1.true_uncompressed,,zstd-9,zstd level 9 raw float64,raw_backend,#6BAED6,2.106610,yes,412918096,196010725,172014,-12.426586
MS1,QC_E4801_240408_DDA_293T_500ng_120min_R1.true_uncompressed,QC_E4801_240408_DDA_293T_500ng_120min_R1.true_uncompressed,,gzip,gzip level 6 raw float64,raw_backend,#C7E4F2,1.908927,yes,2617702576,1371295064,8353,-67.343850
MS1,QC_E4801_240408_DDA_293T_500ng_120min_R1.true_uncompressed,QC_E4801_240408_DDA_293T_500ng_120min_R1.true_uncompressed,,zlib,zlib level 6 raw float64,raw_backend,#9ECAE1,1.908927,yes,2617702576,1371295052,8353,-67.343850
MS1,QC_E4801_240408_DDA_293T_500ng_120min_R1.true_uncompressed,QC_E4801_240408_DDA_293T_500ng_120min_R1.true_uncompressed,,zstd-9,zstd level 9 raw float64,raw_backend,#6BAED6,1.669658,yes,2617702576,1567807559,8353,-71.437042
MS2,QC_E4801_240408_DDA_293T_500ng_120min_R1.true_uncompressed,QC_E4801_240408_DDA_293T_500ng_120min_R1.true_uncompressed,,gzip,gzip level 6 raw float64,raw_backend,#C7E4F2,1.937121,yes,746443632,385336575,185517,-22.595691
MS2,QC_E4801_240408_DDA_293T_500ng_120min_R1.true_uncompressed,QC_E4801_240408_DDA_293T_500ng_120min_R1.true_uncompressed,,zlib,zlib level 6 raw float64,raw_backend,#9ECAE1,1.937121,yes,746443632,385336563,185517,-22.595691
MS2,QC_E4801_240408_DDA_293T_500ng_120min_R1.true_uncompressed,QC_E4801_240408_DDA_293T_500ng_120min_R1.true_uncompressed,,zstd-9,zstd level 9 raw float64,raw_backend,#6BAED6,2.127633,yes,746443632,350832965,185517,-14.983132
MS1,QC_E4805_240416_DDA_293T_500ng_120min_R1.true_uncompressed,QC_E4805_240416_DDA_293T_500ng_120min_R1.true_uncompressed,,gzip,gzip level 6 raw float64,raw_backend,#C7E4F2,1.899756,yes,2388490144,1257261831,11463,-67.058130
MS1,QC_E4805_240416_DDA_293T_500ng_120min_R1.true_uncompressed,QC_E4805_240416_DDA_293T_500ng_120min_R1.true_uncompressed,,zlib,zlib level 6 raw float64,raw_backend,#9ECAE1,1.899756,yes,2388490144,1257261819,11463,-67.058130
MS1,QC_E4805_240416_DDA_293T_500ng_120min_R1.true_uncompressed,QC_E4805_240416_DDA_293T_500ng_120min_R1.true_uncompressed,,zstd-9,zstd level 9 raw float64,raw_backend,#6BAED6,1.712783,yes,2388490144,1394508694,11463,-70.300252
MS2,QC_E4805_240416_DDA_293T_500ng_120min_R1.true_uncompressed,QC_E4805_240416_DDA_293T_500ng_120min_R1.true_uncompressed,,gzip,gzip level 6 raw float64,raw_backend,#C7E4F2,1.938436,yes,851911936,439484261,170791,-23.485407
MS2,QC_E4805_240416_DDA_293T_500ng_120min_R1.true_uncompressed,QC_E4805_240416_DDA_293T_500ng_120min_R1.true_uncompressed,,zlib,zlib level 6 raw float64,raw_backend,#9ECAE1,1.938436,yes,851911936,439484249,170791,-23.485407
MS2,QC_E4805_240416_DDA_293T_500ng_120min_R1.true_uncompressed,QC_E4805_240416_DDA_293T_500ng_120min_R1.true_uncompressed,,zstd-9,zstd level 9 raw float64,raw_backend,#6BAED6,2.131469,yes,851911936,399683096,170791,-15.865944
MS1,QC_E4805_240426_DDA_293T_500ng_120min_R1.true_uncompressed,QC_E4805_240426_DDA_293T_500ng_120min_R1.true_uncompressed,,gzip,gzip level 6 raw float64,raw_backend,#C7E4F2,1.898452,yes,2431349680,1280700968,11455,-67.114391
MS1,QC_E4805_240426_DDA_293T_500ng_120min_R1.true_uncompressed,QC_E4805_240426_DDA_293T_500ng_120min_R1.true_uncompressed,,zlib,zlib level 6 raw float64,raw_backend,#9ECAE1,1.898452,yes,2431349680,1280700956,11455,-67.114391
MS1,QC_E4805_240426_DDA_293T_500ng_120min_R1.true_uncompressed,QC_E4805_240426_DDA_293T_500ng_120min_R1.true_uncompressed,,zstd-9,zstd level 9 raw float64,raw_backend,#6BAED6,1.715304,yes,2431349680,1417444959,11455,-70.286941
MS2,QC_E4805_240426_DDA_293T_500ng_120min_R1.true_uncompressed,QC_E4805_240426_DDA_293T_500ng_120min_R1.true_uncompressed,,gzip,gzip level 6 raw float64,raw_backend,#C7E4F2,1.938460,yes,846367616,436618516,170922,-23.478509
MS2,QC_E4805_240426_DDA_293T_500ng_120min_R1.true_uncompressed,QC_E4805_240426_DDA_293T_500ng_120min_R1.true_uncompressed,,zlib,zlib level 6 raw float64,raw_backend,#9ECAE1,1.938460,yes,846367616,436618504,170922,-23.478509
MS2,QC_E4805_240426_DDA_293T_500ng_120min_R1.true_uncompressed,QC_E4805_240426_DDA_293T_500ng_120min_R1.true_uncompressed,,zstd-9,zstd level 9 raw float64,raw_backend,#6BAED6,2.131568,yes,846367616,397063424,170922,-15.855493
MS1,QC_E4804_240308_DIA_293T_500ng_120min_R1.true_uncompressed,QC_E4804_240308_DIA_293T_500ng_120min_R1.true_uncompressed,,gzip,gzip level 6 raw float64,raw_backend,#C7E4F2,1.923499,yes,1409555632,732807972,2924,-68.233092
MS1,QC_E4804_240308_DIA_293T_500ng_120min_R1.true_uncompressed,QC_E4804_240308_DIA_293T_500ng_120min_R1.true_uncompressed,,zlib,zlib level 6 raw float64,raw_backend,#9ECAE1,1.923499,yes,1409555632,732807960,2924,-68.233092
MS1,QC_E4804_240308_DIA_293T_500ng_120min_R1.true_uncompressed,QC_E4804_240308_DIA_293T_500ng_120min_R1.true_uncompressed,,zstd-9,zstd level 9 raw float64,raw_backend,#6BAED6,1.670708,yes,1409555632,843687746,2924,-72.407977
MS2,QC_E4804_240308_DIA_293T_500ng_120min_R1.true_uncompressed,QC_E4804_240308_DIA_293T_500ng_120min_R1.true_uncompressed,,gzip,gzip level 6 raw float64,raw_backend,#C7E4F2,2.014722,yes,2274240272,1128810715,105232,-27.856524
MS2,QC_E4804_240308_DIA_293T_500ng_120min_R1.true_uncompressed,QC_E4804_240308_DIA_293T_500ng_120min_R1.true_uncompressed,,zlib,zlib level 6 raw float64,raw_backend,#9ECAE1,2.014722,yes,2274240272,1128810703,105232,-27.856524
MS2,QC_E4804_240308_DIA_293T_500ng_120min_R1.true_uncompressed,QC_E4804_240308_DIA_293T_500ng_120min_R1.true_uncompressed,,zstd-9,zstd level 9 raw float64,raw_backend,#6BAED6,2.209746,yes,2274240272,1029186280,105232,-20.873074
MS1,QC_E4804_240226_DIA_293T_500ng_120min_R1.true_uncompressed,QC_E4804_240226_DIA_293T_500ng_120min_R1.true_uncompressed,,gzip,gzip level 6 raw float64,raw_backend,#C7E4F2,1.925188,yes,1433868080,744793871,2926,-68.167719
MS1,QC_E4804_240226_DIA_293T_500ng_120min_R1.true_uncompressed,QC_E4804_240226_DIA_293T_500ng_120min_R1.true_uncompressed,,zlib,zlib level 6 raw float64,raw_backend,#9ECAE1,1.925188,yes,1433868080,744793859,2926,-68.167719
MS1,QC_E4804_240226_DIA_293T_500ng_120min_R1.true_uncompressed,QC_E4804_240226_DIA_293T_500ng_120min_R1.true_uncompressed,,zstd-9,zstd level 9 raw float64,raw_backend,#6BAED6,1.672566,yes,1433868080,857286523,2926,-72.344732
MS2,QC_E4804_240226_DIA_293T_500ng_120min_R1.true_uncompressed,QC_E4804_240226_DIA_293T_500ng_120min_R1.true_uncompressed,,gzip,gzip level 6 raw float64,raw_backend,#C7E4F2,2.016498,yes,2318534848,1149783077,105336,-27.687904
MS2,QC_E4804_240226_DIA_293T_500ng_120min_R1.true_uncompressed,QC_E4804_240226_DIA_293T_500ng_120min_R1.true_uncompressed,,zlib,zlib level 6 raw float64,raw_backend,#9ECAE1,2.016498,yes,2318534848,1149783065,105336,-27.687904
MS2,QC_E4804_240226_DIA_293T_500ng_120min_R1.true_uncompressed,QC_E4804_240226_DIA_293T_500ng_120min_R1.true_uncompressed,,zstd-9,zstd level 9 raw float64,raw_backend,#6BAED6,2.209241,yes,2318534848,1049471233,105336,-20.776094
MS1,QC_E4804_240628_DIA_293T_500ng_120min_R1.true_uncompressed,QC_E4804_240628_DIA_293T_500ng_120min_R1.true_uncompressed,,gzip,gzip level 6 raw float64,raw_backend,#C7E4F2,1.933035,yes,1378115280,712928258,2920,-68.459658
MS1,QC_E4804_240628_DIA_293T_500ng_120min_R1.true_uncompressed,QC_E4804_240628_DIA_293T_500ng_120min_R1.true_uncompressed,,zlib,zlib level 6 raw float64,raw_backend,#9ECAE1,1.933035,yes,1378115280,712928246,2920,-68.459658
MS1,QC_E4804_240628_DIA_293T_500ng_120min_R1.true_uncompressed,QC_E4804_240628_DIA_293T_500ng_120min_R1.true_uncompressed,,zstd-9,zstd level 9 raw float64,raw_backend,#6BAED6,1.676693,yes,1378115280,821924655,2920,-72.642259
MS2,QC_E4804_240628_DIA_293T_500ng_120min_R1.true_uncompressed,QC_E4804_240628_DIA_293T_500ng_120min_R1.true_uncompressed,,gzip,gzip level 6 raw float64,raw_backend,#C7E4F2,2.019360,yes,2407244304,1192082579,105087,-27.810827
MS2,QC_E4804_240628_DIA_293T_500ng_120min_R1.true_uncompressed,QC_E4804_240628_DIA_293T_500ng_120min_R1.true_uncompressed,,zlib,zlib level 6 raw float64,raw_backend,#9ECAE1,2.019360,yes,2407244304,1192082567,105087,-27.810827
MS2,QC_E4804_240628_DIA_293T_500ng_120min_R1.true_uncompressed,QC_E4804_240628_DIA_293T_500ng_120min_R1.true_uncompressed,,zstd-9,zstd level 9 raw float64,raw_backend,#6BAED6,2.212931,yes,2407244304,1087808181,105087,-20.890947
MS1,QC_E4804_240507_DIA_293T_500ng_120min_R1.true_uncompressed,QC_E4804_240507_DIA_293T_500ng_120min_R1.true_uncompressed,,gzip,gzip level 6 raw float64,raw_backend,#C7E4F2,1.928512,yes,1457178208,755597122,2935,-67.828112
MS1,QC_E4804_240507_DIA_293T_500ng_120min_R1.true_uncompressed,QC_E4804_240507_DIA_293T_500ng_120min_R1.true_uncompressed,,zlib,zlib level 6 raw float64,raw_backend,#9ECAE1,1.928512,yes,1457178208,755597110,2935,-67.828112
MS1,QC_E4804_240507_DIA_293T_500ng_120min_R1.true_uncompressed,QC_E4804_240507_DIA_293T_500ng_120min_R1.true_uncompressed,,zstd-9,zstd level 9 raw float64,raw_backend,#6BAED6,1.677078,yes,1457178208,868879285,2935,-72.022592
MS2,QC_E4804_240507_DIA_293T_500ng_120min_R1.true_uncompressed,QC_E4804_240507_DIA_293T_500ng_120min_R1.true_uncompressed,,gzip,gzip level 6 raw float64,raw_backend,#C7E4F2,2.018796,yes,2415760944,1196634370,105658,-26.898654
MS2,QC_E4804_240507_DIA_293T_500ng_120min_R1.true_uncompressed,QC_E4804_240507_DIA_293T_500ng_120min_R1.true_uncompressed,,zlib,zlib level 6 raw float64,raw_backend,#9ECAE1,2.018796,yes,2415760944,1196634358,105658,-26.898654
MS2,QC_E4804_240507_DIA_293T_500ng_120min_R1.true_uncompressed,QC_E4804_240507_DIA_293T_500ng_120min_R1.true_uncompressed,,zstd-9,zstd level 9 raw float64,raw_backend,#6BAED6,2.204551,yes,2415760944,1095806130,105658,-20.172398
MS1,QC_E4802_240511_DIA_293T_500ng_60min_26w_R1.true_uncompressed,QC_E4802_240511_DIA_293T_500ng_60min_26w_R1.true_uncompressed,,gzip,gzip level 6 raw float64,raw_backend,#C7E4F2,1.921366,yes,1038230544,540360713,2500,-68.244141
MS1,QC_E4802_240511_DIA_293T_500ng_60min_26w_R1.true_uncompressed,QC_E4802_240511_DIA_293T_500ng_60min_26w_R1.true_uncompressed,,zlib,zlib level 6 raw float64,raw_backend,#9ECAE1,1.921366,yes,1038230544,540360701,2500,-68.244141
MS1,QC_E4802_240511_DIA_293T_500ng_60min_26w_R1.true_uncompressed,QC_E4802_240511_DIA_293T_500ng_60min_26w_R1.true_uncompressed,,zstd-9,zstd level 9 raw float64,raw_backend,#6BAED6,1.676008,yes,1038230544,619466273,2500,-72.299357
MS2,QC_E4802_240511_DIA_293T_500ng_60min_26w_R1.true_uncompressed,QC_E4802_240511_DIA_293T_500ng_60min_26w_R1.true_uncompressed,,gzip,gzip level 6 raw float64,raw_backend,#C7E4F2,2.015701,yes,1229374240,609899231,64990,-25.999911
MS2,QC_E4802_240511_DIA_293T_500ng_60min_26w_R1.true_uncompressed,QC_E4802_240511_DIA_293T_500ng_60min_26w_R1.true_uncompressed,,zlib,zlib level 6 raw float64,raw_backend,#9ECAE1,2.015701,yes,1229374240,609899219,64990,-25.999911
MS2,QC_E4802_240511_DIA_293T_500ng_60min_26w_R1.true_uncompressed,QC_E4802_240511_DIA_293T_500ng_60min_26w_R1.true_uncompressed,,zstd-9,zstd level 9 raw float64,raw_backend,#6BAED6,2.191431,yes,1229374240,560991553,64990,-19.548540
MS1,QC_E4802_240508_DIA_293T_500ng_60min_26w_R3.true_uncompressed,QC_E4802_240508_DIA_293T_500ng_60min_26w_R3.true_uncompressed,,gzip,gzip level 6 raw float64,raw_backend,#C7E4F2,1.922579,yes,1019859472,530464223,2500,-68.247237
MS1,QC_E4802_240508_DIA_293T_500ng_60min_26w_R3.true_uncompressed,QC_E4802_240508_DIA_293T_500ng_60min_26w_R3.true_uncompressed,,zlib,zlib level 6 raw float64,raw_backend,#9ECAE1,1.922579,yes,1019859472,530464211,2500,-68.247237
MS1,QC_E4802_240508_DIA_293T_500ng_60min_26w_R3.true_uncompressed,QC_E4802_240508_DIA_293T_500ng_60min_26w_R3.true_uncompressed,,zstd-9,zstd level 9 raw float64,raw_backend,#6BAED6,1.678435,yes,1019859472,607625089,2500,-72.279449
MS2,QC_E4802_240508_DIA_293T_500ng_60min_26w_R3.true_uncompressed,QC_E4802_240508_DIA_293T_500ng_60min_26w_R3.true_uncompressed,,gzip,gzip level 6 raw float64,raw_backend,#C7E4F2,2.016866,yes,1230462048,610086165,64995,-25.966655
MS2,QC_E4802_240508_DIA_293T_500ng_60min_26w_R3.true_uncompressed,QC_E4802_240508_DIA_293T_500ng_60min_26w_R3.true_uncompressed,,zlib,zlib level 6 raw float64,raw_backend,#9ECAE1,2.016866,yes,1230462048,610086153,64995,-25.966655
MS2,QC_E4802_240508_DIA_293T_500ng_60min_26w_R3.true_uncompressed,QC_E4802_240508_DIA_293T_500ng_60min_26w_R3.true_uncompressed,,zstd-9,zstd level 9 raw float64,raw_backend,#6BAED6,2.192057,yes,1230462048,561327697,64995,-19.535897
MS1,QC_E4805_240328_DDA_293T_1ug_60min_NewCol_R1.true_uncompressed,QC_E4805_240328_DDA_293T_1ug_60min_NewCol_R1.true_uncompressed,,gzip,gzip level 6 raw float64,raw_backend,#C7E4F2,1.894276,yes,1349954240,712649038,4661,-67.295247
MS1,QC_E4805_240328_DDA_293T_1ug_60min_NewCol_R1.true_uncompressed,QC_E4805_240328_DDA_293T_1ug_60min_NewCol_R1.true_uncompressed,,zlib,zlib level 6 raw float64,raw_backend,#9ECAE1,1.894276,yes,1349954240,712649026,4661,-67.295247
MS1,QC_E4805_240328_DDA_293T_1ug_60min_NewCol_R1.true_uncompressed,QC_E4805_240328_DDA_293T_1ug_60min_NewCol_R1.true_uncompressed,,zstd-9,zstd level 9 raw float64,raw_backend,#6BAED6,1.673625,yes,1349954240,806605064,4661,-71.104795
MS2,QC_E4805_240328_DDA_293T_1ug_60min_NewCol_R1.true_uncompressed,QC_E4805_240328_DDA_293T_1ug_60min_NewCol_R1.true_uncompressed,,gzip,gzip level 6 raw float64,raw_backend,#C7E4F2,1.945070,yes,660851360,339757113,90522,-25.160831
MS2,QC_E4805_240328_DDA_293T_1ug_60min_NewCol_R1.true_uncompressed,QC_E4805_240328_DDA_293T_1ug_60min_NewCol_R1.true_uncompressed,,zlib,zlib level 6 raw float64,raw_backend,#9ECAE1,1.945070,yes,660851360,339757101,90522,-25.160831
MS2,QC_E4805_240328_DDA_293T_1ug_60min_NewCol_R1.true_uncompressed,QC_E4805_240328_DDA_293T_1ug_60min_NewCol_R1.true_uncompressed,,zstd-9,zstd level 9 raw float64,raw_backend,#6BAED6,2.138580,yes,660851360,309014038,90522,-17.715275
MS1,QC_E4802_240703_DDA_293T_500ng_60min_R1.true_uncompressed,QC_E4802_240703_DDA_293T_500ng_60min_R1.true_uncompressed,,gzip,gzip level 6 raw float64,raw_backend,#C7E4F2,1.895318,yes,2250251840,1187268588,11171,-67.853622
MS1,QC_E4802_240703_DDA_293T_500ng_60min_R1.true_uncompressed,QC_E4802_240703_DDA_293T_500ng_60min_R1.true_uncompressed,,zlib,zlib level 6 raw float64,raw_backend,#9ECAE1,1.895318,yes,2250251840,1187268576,11171,-67.853622
MS1,QC_E4802_240703_DDA_293T_500ng_60min_R1.true_uncompressed,QC_E4802_240703_DDA_293T_500ng_60min_R1.true_uncompressed,,zstd-9,zstd level 9 raw float64,raw_backend,#6BAED6,1.682757,yes,2250251840,1337241033,11171,-71.458856
MS2,QC_E4802_240703_DDA_293T_500ng_60min_R1.true_uncompressed,QC_E4802_240703_DDA_293T_500ng_60min_R1.true_uncompressed,,gzip,gzip level 6 raw float64,raw_backend,#C7E4F2,1.936388,yes,488852112,252455700,92213,-23.753565
MS2,QC_E4802_240703_DDA_293T_500ng_60min_R1.true_uncompressed,QC_E4802_240703_DDA_293T_500ng_60min_R1.true_uncompressed,,zlib,zlib level 6 raw float64,raw_backend,#9ECAE1,1.936388,yes,488852112,252455688,92213,-23.753565
MS2,QC_E4802_240703_DDA_293T_500ng_60min_R1.true_uncompressed,QC_E4802_240703_DDA_293T_500ng_60min_R1.true_uncompressed,,zstd-9,zstd level 9 raw float64,raw_backend,#6BAED6,2.124704,yes,488852112,230080144,92213,-16.338510
MS1,QC_E4804_240320_DIA_293T_500ng_120min_R1.true_uncompressed,QC_E4804_240320_DIA_293T_500ng_120min_R1.true_uncompressed,,gzip,gzip level 6 raw float64,raw_backend,#C7E4F2,1.924252,yes,1363665616,708673061,2908,-68.958270
MS1,QC_E4804_240320_DIA_293T_500ng_120min_R1.true_uncompressed,QC_E4804_240320_DIA_293T_500ng_120min_R1.true_uncompressed,,zlib,zlib level 6 raw float64,raw_backend,#9ECAE1,1.924252,yes,1363665616,708673049,2908,-68.958270
MS1,QC_E4804_240320_DIA_293T_500ng_120min_R1.true_uncompressed,QC_E4804_240320_DIA_293T_500ng_120min_R1.true_uncompressed,,zstd-9,zstd level 9 raw float64,raw_backend,#6BAED6,1.666738,yes,1363665616,818164578,2908,-73.112445
MS2,QC_E4804_240320_DIA_293T_500ng_120min_R1.true_uncompressed,QC_E4804_240320_DIA_293T_500ng_120min_R1.true_uncompressed,,gzip,gzip level 6 raw float64,raw_backend,#C7E4F2,2.009417,yes,1998748336,994690448,104654,-28.484034
MS2,QC_E4804_240320_DIA_293T_500ng_120min_R1.true_uncompressed,QC_E4804_240320_DIA_293T_500ng_120min_R1.true_uncompressed,,zlib,zlib level 6 raw float64,raw_backend,#9ECAE1,2.009417,yes,1998748336,994690436,104654,-28.484034
MS2,QC_E4804_240320_DIA_293T_500ng_120min_R1.true_uncompressed,QC_E4804_240320_DIA_293T_500ng_120min_R1.true_uncompressed,,zstd-9,zstd level 9 raw float64,raw_backend,#6BAED6,2.212499,yes,1998748336,903389486,104654,-21.256263
MS1,LFQ_Orbitrap_AIF_Human_02,LFQ_Orbitrap_AIF_Human_02,,gzip,gzip level 6 raw float64,raw_backend,#C7E4F2,2.038405,yes,46934896,23025308,3108,-18.940914
MS1,LFQ_Orbitrap_AIF_Human_02,LFQ_Orbitrap_AIF_Human_02,,zlib,zlib level 6 raw float64,raw_backend,#9ECAE1,2.038406,yes,46934896,23025296,3108,-18.940874
MS1,LFQ_Orbitrap_AIF_Human_02,LFQ_Orbitrap_AIF_Human_02,,zstd-9,zstd level 9 raw float64,raw_backend,#6BAED6,2.264542,yes,46934896,20726002,3108,-9.948364
MS2,LFQ_Orbitrap_AIF_Human_02,LFQ_Orbitrap_AIF_Human_02,,gzip,gzip level 6 raw float64,raw_backend,#C7E4F2,1.960267,yes,1051028320,536165918,233035,-24.559387
MS2,LFQ_Orbitrap_AIF_Human_02,LFQ_Orbitrap_AIF_Human_02,,zlib,zlib level 6 raw float64,raw_backend,#9ECAE1,1.960267,yes,1051028320,536165906,233035,-24.559387
MS2,LFQ_Orbitrap_AIF_Human_02,LFQ_Orbitrap_AIF_Human_02,,zstd-9,zstd level 9 raw float64,raw_backend,#6BAED6,2.163129,yes,1051028320,485883327,233035,-16.752270
MS1,LFQ_Orbitrap_AIF_Human_01,LFQ_Orbitrap_AIF_Human_01,,gzip,gzip level 6 raw float64,raw_backend,#C7E4F2,2.038379,yes,46457008,22791153,3108,-18.685203
MS1,LFQ_Orbitrap_AIF_Human_01,LFQ_Orbitrap_AIF_Human_01,,zlib,zlib level 6 raw float64,raw_backend,#9ECAE1,2.038380,yes,46457008,22791141,3108,-18.685163
MS1,LFQ_Orbitrap_AIF_Human_01,LFQ_Orbitrap_AIF_Human_01,,zstd-9,zstd level 9 raw float64,raw_backend,#6BAED6,2.265636,yes,46457008,20505060,3108,-9.619491
MS2,LFQ_Orbitrap_AIF_Human_01,LFQ_Orbitrap_AIF_Human_01,,gzip,gzip level 6 raw float64,raw_backend,#C7E4F2,1.961931,yes,1144597296,583403404,233028,-24.969855
MS2,LFQ_Orbitrap_AIF_Human_01,LFQ_Orbitrap_AIF_Human_01,,zlib,zlib level 6 raw float64,raw_backend,#9ECAE1,1.961931,yes,1144597296,583403392,233028,-24.969855
MS2,LFQ_Orbitrap_AIF_Human_01,LFQ_Orbitrap_AIF_Human_01,,zstd-9,zstd level 9 raw float64,raw_backend,#6BAED6,2.166415,yes,1144597296,528336993,233028,-17.149771
MS1,File13_SA1,File13,MS1 profile / MS2 none,ours_eqfidelity,TrackCodec eq-fidelity,trackcodec,#F58518,8.689000,yes,,,,20.256218
MS1,File13_SA1,File13,MS1 profile / MS2 none,ours_strict_q6,TrackCodec strict q6,trackcodec,#3C5488,7.113000,yes,,,,-1.555705
MS1,File14_LFQ_Orbitrap_AIF_Human_01,File14,MS1 centroid / MS2 centroid,ours_eqfidelity,TrackCodec eq-fidelity,trackcodec,#F58518,1.944000,yes,,,,-22.450160
MS1,File14_LFQ_Orbitrap_AIF_Human_01,File14,MS1 centroid / MS2 centroid,ours_strict_q6,TrackCodec strict q6,trackcodec,#3C5488,1.973000,yes,,,,-21.293295
MS1,File16_LFQ_TTOF5600_DDA_Human_01,File16,MS1 profile / MS2 profile,ours_eqfidelity,TrackCodec eq-fidelity,trackcodec,#F58518,10.346000,yes,,,,-28.976615
MS1,File16_LFQ_TTOF5600_DDA_Human_01,File16,MS1 profile / MS2 profile,ours_strict_q6,TrackCodec strict q6,trackcodec,#3C5488,9.745000,yes,,,,-33.102369
MS1,File3_QE-HFX-20190719_50cm_60min_OFe4_2,File3,MS1 mixed / MS2 centroid,ours_eqfidelity,TrackCodec eq-fidelity,trackcodec,#F58518,5.963000,yes,,,,-1.489730
MS1,File3_QE-HFX-20190719_50cm_60min_OFe4_2,File3,MS1 mixed / MS2 centroid,ours_strict_q6,TrackCodec strict q6,trackcodec,#3C5488,5.835000,yes,,,,-3.604323
MS1,File4_QE-HFX-20190719_50cm_60min_Fr1,File4,MS1 profile / MS2 centroid,ours_eqfidelity,TrackCodec eq-fidelity,trackcodec,#F58518,6.876000,yes,,,,16.106227
MS1,File4_QE-HFX-20190719_50cm_60min_Fr1,File4,MS1 profile / MS2 centroid,ours_strict_q6,TrackCodec strict q6,trackcodec,#3C5488,6.282000,yes,,,,6.076108
MS1,File5_S8184TPST_01,File5,MS1 profile / MS2 profile,ours_eqfidelity,TrackCodec eq-fidelity,trackcodec,#F58518,6.817000,yes,,,,9.654608
MS1,File5_S8184TPST_01,File5,MS1 profile / MS2 profile,ours_strict_q6,TrackCodec strict q6,trackcodec,#3C5488,6.229000,yes,,,,0.196355
MS1,File6_Negative_000333,File6,MS1 profile / MS2 profile,ours_eqfidelity,TrackCodec eq-fidelity,trackcodec,#F58518,8.349000,yes,,,,19.052949
MS1,File6_Negative_000333,File6,MS1 profile / MS2 profile,ours_strict_q6,TrackCodec strict q6,trackcodec,#3C5488,6.746000,yes,,,,-3.805103
MS1,Set_1_F2,Set_1_F2,MS1 centroid / MS2 centroid,ours_eqfidelity,TrackCodec eq-fidelity,trackcodec,#F58518,2.271000,yes,,,,-31.505135
MS1,Set_1_F2,Set_1_F2,MS1 centroid / MS2 centroid,ours_strict_q6,TrackCodec strict q6,trackcodec,#3C5488,1.958000,yes,,,,-40.945422
MS1,File13_SA1,SZ-File13,,ours_archive_fidelity,TrackCodec archive fidelity,trackcodec,#E45756,8.764573,yes,2835103104,323473053,,21.302152
MS2,File13_SA1,SZ-File13,,ours_eqfidelity,TrackCodec eq-fidelity,trackcodec,#F58518,0.000000,no,0,535,,
MS1,File14_LFQ_Orbitrap_AIF_Human_01,SZ-File14,,ours_archive_fidelity,TrackCodec archive fidelity,trackcodec,#E45756,2.724242,yes,46457008,17053185,,8.675170
MS2,File14_LFQ_Orbitrap_AIF_Human_01,SZ-File14,,ours_eqfidelity,TrackCodec eq-fidelity,trackcodec,#F58518,3.248026,yes,1144597296,352397847,,24.214335
MS1,File15_LFQ_Orbitrap_DDA_Human_01,SZ-File15,,ours_archive_fidelity,TrackCodec archive fidelity,trackcodec,#E45756,7.057689,yes,8533018224,1209038621,,17.662606
MS2,File15_LFQ_Orbitrap_DDA_Human_01,SZ-File15,,ours_eqfidelity,TrackCodec eq-fidelity,trackcodec,#F58518,6.090490,yes,4499196752,738724896,,14.272350
MS1,File16_LFQ_TTOF5600_DDA_Human_01,SZ-File16,,ours_archive_fidelity,TrackCodec archive fidelity,trackcodec,#E45756,12.251665,yes,2935850192,239628662,,-15.894575
MS2,File16_LFQ_TTOF5600_DDA_Human_01,SZ-File16,,ours_eqfidelity,TrackCodec eq-fidelity,trackcodec,#F58518,11.632547,yes,5190057744,446166925,,27.537244
MS1,File18_LFQ_TTOF6600_DDA_Human_01,SZ-File18,,ours_archive_fidelity,TrackCodec archive fidelity,trackcodec,#E45756,8.749383,yes,4635222464,529777082,,-12.554894
MS2,File18_LFQ_TTOF6600_DDA_Human_01,SZ-File18,,ours_eqfidelity,TrackCodec eq-fidelity,trackcodec,#F58518,10.759937,yes,12905715472,1199422909,,20.289396
MS1,File2_20180722_L929_test_DDA_1,SZ-File2,,ours_archive_fidelity,TrackCodec archive fidelity,trackcodec,#E45756,12.060156,yes,5783550864,479558562,,-21.154219
MS2,File2_20180722_L929_test_DDA_1,SZ-File2,,ours_eqfidelity,TrackCodec eq-fidelity,trackcodec,#F58518,9.991416,yes,4128589616,413213647,,21.831902
MS1,File3_QE-HFX-20190719_50cm_60min_OFe4_2,SZ-File3,,ours_archive_fidelity,TrackCodec archive fidelity,trackcodec,#E45756,6.480588,yes,800595872,123537528,,7.060954
MS2,File3_QE-HFX-20190719_50cm_60min_OFe4_2,SZ-File3,,ours_eqfidelity,TrackCodec eq-fidelity,trackcodec,#F58518,3.384410,yes,596502768,176250137,,21.574050
MS1,File4_QE-HFX-20190719_50cm_60min_Fr1,SZ-File4,,ours_archive_fidelity,TrackCodec archive fidelity,trackcodec,#E45756,6.962104,yes,1672192240,240184890,,17.560155
MS2,File4_QE-HFX-20190719_50cm_60min_Fr1,SZ-File4,,ours_eqfidelity,TrackCodec eq-fidelity,trackcodec,#F58518,3.097581,yes,167258176,53996377,,28.033869
MS1,File5_S8184TPST_01,SZ-File5,,ours_archive_fidelity,TrackCodec archive fidelity,trackcodec,#E45756,6.976542,yes,1796967456,257572785,,12.220915
MS2,File5_S8184TPST_01,SZ-File5,,ours_eqfidelity,TrackCodec eq-fidelity,trackcodec,#F58518,6.042077,yes,531217136,87919624,,9.187736
MS1,File6_Negative_000333,SZ-File6,,ours_archive_fidelity,TrackCodec archive fidelity,trackcodec,#E45756,8.514836,yes,521787216,61279774,,21.417695
MS2,File6_Negative_000333,SZ-File6,,ours_eqfidelity,TrackCodec eq-fidelity,trackcodec,#F58518,6.928937,yes,122260464,17644910,,15.071383
MS1,LFQ_Orbitrap_AIF_Human_01,SZ-LFQ_Orbitrap_AIF_H,,ours_archive_fidelity,TrackCodec archive fidelity,trackcodec,#E45756,2.724242,yes,46457008,17053185,,8.675170
MS2,LFQ_Orbitrap_AIF_Human_01,SZ-LFQ_Orbitrap_AIF_H,,ours_eqfidelity,TrackCodec eq-fidelity,trackcodec,#F58518,3.248026,yes,1144597296,352397847,,24.214288
MS1,LFQ_Orbitrap_AIF_Human_02,SZ-LFQ_Orbitrap_AIF_H,,ours_archive_fidelity,TrackCodec archive fidelity,trackcodec,#E45756,2.734184,yes,46934896,17165961,,8.727391
MS2,LFQ_Orbitrap_AIF_Human_02,SZ-LFQ_Orbitrap_AIF_H,,ours_eqfidelity,TrackCodec eq-fidelity,trackcodec,#F58518,3.241170,yes,1051028320,324274386,,24.735994
MS1,Set_1_F2,SZ-Set_1_F2,,ours_archive_fidelity,TrackCodec archive fidelity,trackcodec,#E45756,3.317073,yes,118460528,35712363,,0.045120
MS2,Set_1_F2,SZ-Set_1_F2,,ours_eqfidelity,TrackCodec eq-fidelity,trackcodec,#F58518,3.592132,yes,145593408,40531198,,4.672957
MS1,01625b_GA1-TUM_first_pool_1_01_01-DDA-1h-R2.true_uncompressed,F8-DDA-true,,ours_archive_fidelity,TrackCodec archive fidelity,trackcodec,#E45756,8.177315,yes,1068674096,130687650,,15.895611
MS2,01625b_GA1-TUM_first_pool_1_01_01-DDA-1h-R2.true_uncompressed,F8-DDA-true,,ours_eqfidelity,TrackCodec eq-fidelity,trackcodec,#F58518,3.334714,yes,298801792,89603435,,11.877550
MS1,QC_E4806_240522_DDA_293T_500ng_120min_R1.true_uncompressed,F8-DDA-true,,ours_archive_fidelity,TrackCodec archive fidelity,trackcodec,#E45756,8.451202,yes,4893524336,579032963,,27.838492
MS2,QC_E4806_240522_DDA_293T_500ng_120min_R1.true_uncompressed,F8-DDA-true,,ours_eqfidelity,TrackCodec eq-fidelity,trackcodec,#F58518,2.854328,yes,13053744,4573316,,43.978879
MS1,QC_E4804_240429_DDA_293T_500ng_120min_R1.true_uncompressed,F8-DDA-true,,ours_archive_fidelity,TrackCodec archive fidelity,trackcodec,#E45756,6.662724,yes,2628432480,394498166,,17.778773
MS2,QC_E4804_240429_DDA_293T_500ng_120min_R1.true_uncompressed,F8-DDA-true,,ours_eqfidelity,TrackCodec eq-fidelity,trackcodec,#F58518,3.120189,yes,798296720,255848835,,24.435498
MS1,QC_E4804_240507_DIA_293T_500ng_120min_R1.true_uncompressed,F8-DDA-true,,ours_archive_fidelity,TrackCodec archive fidelity,trackcodec,#E45756,6.379862,yes,1457178208,228402784,,6.430351
MS2,QC_E4804_240507_DIA_293T_500ng_120min_R1.true_uncompressed,F8-DDA-true,,ours_eqfidelity,TrackCodec eq-fidelity,trackcodec,#F58518,3.430026,yes,2415760944,704298166,,24.202503
MS1,QC_E4801_240408_DDA_293T_500ng_120min_R1.true_uncompressed,F8-DDA-true,,ours_archive_fidelity,TrackCodec archive fidelity,trackcodec,#E45756,6.911716,yes,2617702576,378734104,,18.239217
MS2,QC_E4801_240408_DDA_293T_500ng_120min_R1.true_uncompressed,F8-DDA-true,,ours_eqfidelity,TrackCodec eq-fidelity,trackcodec,#F58518,3.133475,yes,746443632,238215885,,25.208733
MS1,QC_E4804_240628_DIA_293T_500ng_120min_R1.true_uncompressed,F8-DDA-true,,ours_archive_fidelity,TrackCodec archive fidelity,trackcodec,#E45756,6.537870,yes,1378115280,210789655,,6.675075
MS2,QC_E4804_240628_DIA_293T_500ng_120min_R1.true_uncompressed,F8-DDA-true,,ours_eqfidelity,TrackCodec eq-fidelity,trackcodec,#F58518,3.501823,yes,2407244304,687426016,,25.185061
MS1,QC_E4804_240226_DIA_293T_500ng_120min_R1.true_uncompressed,F8-DDA-true,,ours_archive_fidelity,TrackCodec archive fidelity,trackcodec,#E45756,6.430891,yes,1433868080,222965705,,6.332434
MS2,QC_E4804_240226_DIA_293T_500ng_120min_R1.true_uncompressed,F8-DDA-true,,ours_eqfidelity,TrackCodec eq-fidelity,trackcodec,#F58518,3.477889,yes,2318534848,666649964,,24.717923
MS1,QC_E4805_240426_DDA_293T_500ng_120min_R1.true_uncompressed,F8-DDA-true,,ours_archive_fidelity,TrackCodec archive fidelity,trackcodec,#E45756,6.766808,yes,2431349680,359305273,,17.216870
MS2,QC_E4805_240426_DDA_293T_500ng_120min_R1.true_uncompressed,F8-DDA-true,,ours_eqfidelity,TrackCodec eq-fidelity,trackcodec,#F58518,3.239540,yes,846367616,261261679,,27.882149
MS1,QC_E4804_240308_DIA_293T_500ng_120min_R1.true_uncompressed,F8-DDA-true,,ours_archive_fidelity,TrackCodec archive fidelity,trackcodec,#E45756,6.440164,yes,1409555632,218869536,,6.360387
MS2,QC_E4804_240308_DIA_293T_500ng_120min_R1.true_uncompressed,F8-DDA-true,,ours_eqfidelity,TrackCodec eq-fidelity,trackcodec,#F58518,3.481369,yes,2274240272,653260425,,24.661398
MS1,QC_E4805_240416_DDA_293T_500ng_120min_R1.true_uncompressed,F8-DDA-true,,ours_archive_fidelity,TrackCodec archive fidelity,trackcodec,#E45756,6.726529,yes,2388490144,355085075,,16.638371
MS2,QC_E4805_240416_DDA_293T_500ng_120min_R1.true_uncompressed,F8-DDA-true,,ours_eqfidelity,TrackCodec eq-fidelity,trackcodec,#F58518,3.135098,yes,851911936,271733782,,23.749635
MS1,QC_E4806_240709_DDA_293T_200ng_120min_R1.true_uncompressed,F8-DDA-true,,ours_archive_fidelity,TrackCodec archive fidelity,trackcodec,#E45756,7.180216,yes,2785252112,387906444,,17.587614
MS2,QC_E4806_240709_DDA_293T_200ng_120min_R1.true_uncompressed,F8-DDA-true,,ours_eqfidelity,TrackCodec eq-fidelity,trackcodec,#F58518,3.091581,yes,412918096,133562119,,28.519424
MS1,QC_E4802_240703_DIA_293T_500ng_90min_R1,F8-E4802,,ours_archive_fidelity,TrackCodec archive fidelity,trackcodec,#E45756,6.491426,yes,1364367632,210179949,,6.822148
MS2,QC_E4802_240703_DIA_293T_500ng_90min_R1,F8-E4802,,ours_eqfidelity,TrackCodec eq-fidelity,trackcodec,#F58518,3.427821,yes,1809329984,527836799,,23.953581
MS1,QC_E4802_240703_DDA_293T_500ng_60min_R1.true_uncompressed,F8-E4802,,ours_archive_fidelity,TrackCodec archive fidelity,trackcodec,#E45756,7.018005,yes,2250251840,320639809,,19.031975
MS2,QC_E4802_240703_DDA_293T_500ng_60min_R1.true_uncompressed,F8-E4802,,ours_eqfidelity,TrackCodec eq-fidelity,trackcodec,#F58518,3.098229,yes,488852112,157784389,,21.994618
MS1,QC_E4802_240511_DIA_293T_500ng_60min_26w_R1.true_uncompressed,F8-E4802,,ours_archive_fidelity,TrackCodec archive fidelity,trackcodec,#E45756,6.432668,yes,1038230544,161399681,,6.317534
MS2,QC_E4802_240511_DIA_293T_500ng_60min_26w_R1.true_uncompressed,F8-E4802,,ours_eqfidelity,TrackCodec eq-fidelity,trackcodec,#F58518,3.346569,yes,1229374240,367353567,,22.858699
MS1,QC_E4802_240508_DIA_293T_500ng_60min_26w_R3.true_uncompressed,F8-E4802,,ours_archive_fidelity,TrackCodec archive fidelity,trackcodec,#E45756,6.439446,yes,1019859472,158376898,,6.352042
MS2,QC_E4802_240508_DIA_293T_500ng_60min_26w_R3.true_uncompressed,F8-E4802,,ours_eqfidelity,TrackCodec eq-fidelity,trackcodec,#F58518,3.350749,yes,1230462048,367219975,,22.996351
MS1,QC_E4804_240320_DDA_293T_500ng_120min_R1,F8-E4804-R1,,ours_archive_fidelity,TrackCodec archive fidelity,trackcodec,#E45756,6.617873,yes,2342230880,353925031,,14.945593
MS2,QC_E4804_240320_DDA_293T_500ng_120min_R1,F8-E4804-R1,,ours_eqfidelity,TrackCodec eq-fidelity,trackcodec,#F58518,3.114541,yes,633174608,203296267,,26.011671
MS1,QC_E4804_240320_DIA_293T_500ng_120min_R1.true_uncompressed,F8-E4804-R1,,ours_archive_fidelity,TrackCodec archive fidelity,trackcodec,#E45756,6.549473,yes,1363665616,208209983,,5.655066
MS2,QC_E4804_240320_DIA_293T_500ng_120min_R1.true_uncompressed,F8-E4804-R1,,ours_eqfidelity,TrackCodec eq-fidelity,trackcodec,#F58518,3.508272,yes,1998748336,569724464,,24.860824
MS1,QC_E4804_240403_DDA_293T_500ng_120min_R2,F8-E4804-R2,,ours_archive_fidelity,TrackCodec archive fidelity,trackcodec,#E45756,6.754904,yes,2605619008,385737376,,17.420944
MS2,QC_E4804_240403_DDA_293T_500ng_120min_R2,F8-E4804-R2,,ours_eqfidelity,TrackCodec eq-fidelity,trackcodec,#F58518,3.111597,yes,583867376,187642329,,26.197634
MS1,QC_E4804_240320_DDA_293T_500ng_120min_R1_centroided,F8-E4804-cent,,ours_archive_fidelity,TrackCodec archive fidelity,trackcodec,#E45756,2.525314,yes,129414272,51246796,,1.983113
MS2,QC_E4804_240320_DDA_293T_500ng_120min_R1_centroided,F8-E4804-cent,,ours_eqfidelity,TrackCodec eq-fidelity,trackcodec,#F58518,3.114541,yes,633174608,203296267,,26.011671
MS1,QC_E4805_240709_DIA_293T_200ng_60min_R1,F8-E4805-DIA,,ours_archive_fidelity,TrackCodec archive fidelity,trackcodec,#E45756,7.406704,yes,1301088256,175663607,,7.816334
MS2,QC_E4805_240709_DIA_293T_200ng_60min_R1,F8-E4805-DIA,,ours_eqfidelity,TrackCodec eq-fidelity,trackcodec,#F58518,3.662316,yes,697128096,190351719,,28.623628
MS1,QC_E4805_240328_DDA_293T_1ug_60min_NewCol_R2,F8-E4805-R2,,ours_archive_fidelity,TrackCodec archive fidelity,trackcodec,#E45756,6.558235,yes,1291915392,196991337,,14.289730
MS2,QC_E4805_240328_DDA_293T_1ug_60min_NewCol_R2,F8-E4805-R2,,ours_eqfidelity,TrackCodec eq-fidelity,trackcodec,#F58518,3.142257,yes,658583360,209589264,,20.928642
MS1,QC_E4805_240328_DDA_293T_1ug_60min_NewCol_R1.true_uncompressed,F8-E4805-R2,,ours_archive_fidelity,TrackCodec archive fidelity,trackcodec,#E45756,6.656689,yes,1349954240,202796644,,14.928011
MS2,QC_E4805_240328_DDA_293T_1ug_60min_NewCol_R1.true_uncompressed,F8-E4805-R2,,ours_eqfidelity,TrackCodec eq-fidelity,trackcodec,#F58518,3.237124,yes,660851360,204147679,,24.552674
MS1,01625b_GA1-TUM_first_pool_1_01_01-ETD-1h-R2,F8-ETD,,ours_archive_fidelity,TrackCodec archive fidelity,trackcodec,#E45756,8.483535,yes,977311088,115200932,,9.498764
MS2,01625b_GA1-TUM_first_pool_1_01_01-ETD-1h-R2,F8-ETD,,ours_eqfidelity,TrackCodec eq-fidelity,trackcodec,#F58518,2.754567,yes,15282368,5548012,,21.798829
MS1,01625b_GA1-TUM_first_pool_1_01_01-DDA-1h-R2.true_uncompressed,F8-DDA-true,,airdpro_default,AirdPro Default,baseline,#00A087,7.055759,yes,1068674096,151461261,3901,0.000000
MS1,01625b_GA1-TUM_first_pool_1_01_01-ETD-1h-R2,F8-ETD,,airdpro_default,AirdPro Default,baseline,#00A087,7.747608,yes,977311088,126143587,2303,0.000000
MS1,File13_SA1,SZ-File13,,airdpro_default,AirdPro Default,baseline,#00A087,7.225406,yes,2835103104,392379760,12470,0.000000
MS1,File14_LFQ_Orbitrap_AIF_Human_01,SZ-File14,,airdpro_default,AirdPro Default,baseline,#00A087,2.506775,yes,46457008,18532583,3108,0.000000
MS1,File15_LFQ_Orbitrap_DDA_Human_01,SZ-File15,,airdpro_default,AirdPro Default,baseline,#00A087,5.998243,yes,8533018224,1422586294,24749,0.000000
MS1,File16_LFQ_TTOF5600_DDA_Human_01,SZ-File16,,airdpro_default,AirdPro Default,baseline,#00A087,14.567033,yes,2935850192,201540717,3454,0.000000
MS1,File18_LFQ_TTOF6600_DDA_Human_01,SZ-File18,,airdpro_default,AirdPro Default,baseline,#00A087,10.005572,yes,4635222464,463264111,3293,0.000000
MS1,File2_20180722_L929_test_DDA_1,SZ-File2,,airdpro_default,AirdPro Default,baseline,#00A087,15.295880,yes,5783550864,378111687,4206,0.000000
MS1,File3_QE-HFX-20190719_50cm_60min_OFe4_2,SZ-File3,,airdpro_default,AirdPro Default,baseline,#00A087,6.053176,yes,800595872,132260462,2135,0.000000
MS1,File4_QE-HFX-20190719_50cm_60min_Fr1,SZ-File4,,airdpro_default,AirdPro Default,baseline,#00A087,5.922163,yes,1672192240,282361758,6026,0.000000
MS1,File5_S8184TPST_01,SZ-File5,,airdpro_default,AirdPro Default,baseline,#00A087,6.216793,yes,1796967456,289050566,4768,0.000000
MS1,File6_Negative_000333,SZ-File6,,airdpro_default,AirdPro Default,baseline,#00A087,7.012846,yes,521787216,74404487,3047,0.000000
MS1,LFQ_Orbitrap_AIF_Human_01,SZ-LFQ_Orbitrap_AIF_H,,airdpro_default,AirdPro Default,baseline,#00A087,2.506775,yes,46457008,18532583,3108,0.000000
MS1,LFQ_Orbitrap_AIF_Human_02,SZ-LFQ_Orbitrap_AIF_H,,airdpro_default,AirdPro Default,baseline,#00A087,2.514715,yes,46934896,18664098,3108,0.000000
MS1,QC_E4801_240408_DDA_293T_500ng_120min_R1.true_uncompressed,F8-DDA-true,,airdpro_default,AirdPro Default,baseline,#00A087,5.845536,yes,2617702576,447812242,8353,0.000000
MS1,QC_E4802_240508_DIA_293T_500ng_60min_26w_R3.true_uncompressed,F8-E4802,,airdpro_default,AirdPro Default,baseline,#00A087,6.054840,yes,1019859472,168437077,2500,0.000000
MS1,QC_E4802_240511_DIA_293T_500ng_60min_26w_R1.true_uncompressed,F8-E4802,,airdpro_default,AirdPro Default,baseline,#00A087,6.050430,yes,1038230544,171596147,2500,0.000000
MS1,QC_E4802_240703_DDA_293T_500ng_60min_R1.true_uncompressed,F8-E4802,,airdpro_default,AirdPro Default,baseline,#00A087,5.895899,yes,2250251840,381663889,11171,0.000000
MS1,QC_E4802_240703_DIA_293T_500ng_90min_R1,F8-E4802,,airdpro_default,AirdPro Default,baseline,#00A087,6.076854,yes,1364367632,224518755,3034,0.000000
MS1,QC_E4804_240226_DIA_293T_500ng_120min_R1.true_uncompressed,F8-DDA-true,,airdpro_default,AirdPro Default,baseline,#00A087,6.047911,yes,1433868080,237084840,2926,0.000000
MS1,QC_E4804_240308_DIA_293T_500ng_120min_R1.true_uncompressed,F8-DDA-true,,airdpro_default,AirdPro Default,baseline,#00A087,6.055040,yes,1409555632,232790457,2924,0.000000
MS1,QC_E4804_240320_DDA_293T_500ng_120min_R1,F8-E4804-R1,,airdpro_default,AirdPro Default,baseline,#00A087,5.757396,yes,2342230880,406821197,9436,0.000000
MS1,QC_E4804_240320_DDA_293T_500ng_120min_R1_centroided,F8-E4804-cent,,airdpro_default,AirdPro Default,baseline,#00A087,2.476208,yes,129414272,52263086,9436,0.000000
MS1,QC_E4804_240320_DIA_293T_500ng_120min_R1.true_uncompressed,F8-E4804-R1,,airdpro_default,AirdPro Default,baseline,#00A087,6.198920,yes,1363665616,219984402,2908,0.000000
MS1,QC_E4804_240403_DDA_293T_500ng_120min_R2,F8-E4804-R2,,airdpro_default,AirdPro Default,baseline,#00A087,5.752725,yes,2605619008,452936481,9209,0.000000
MS1,QC_E4804_240429_DDA_293T_500ng_120min_R1.true_uncompressed,F8-DDA-true,,airdpro_default,AirdPro Default,baseline,#00A087,5.656982,yes,2628432480,464635074,9187,0.000000
MS1,QC_E4804_240507_DIA_293T_500ng_120min_R1.true_uncompressed,F8-DDA-true,,airdpro_default,AirdPro Default,baseline,#00A087,5.994401,yes,1457178208,243089875,2935,0.000000
MS1,QC_E4804_240628_DIA_293T_500ng_120min_R1.true_uncompressed,F8-DDA-true,,airdpro_default,AirdPro Default,baseline,#00A087,6.128770,yes,1378115280,224860017,2920,0.000000
MS1,QC_E4805_240328_DDA_293T_1ug_60min_NewCol_R1.true_uncompressed,F8-E4805-R2,,airdpro_default,AirdPro Default,baseline,#00A087,5.792051,yes,1349954240,233070165,4661,0.000000
MS1,QC_E4805_240328_DDA_293T_1ug_60min_NewCol_R2,F8-E4805-R2,,airdpro_default,AirdPro Default,baseline,#00A087,5.738254,yes,1291915392,225140848,4517,0.000000
MS1,QC_E4805_240416_DDA_293T_500ng_120min_R1.true_uncompressed,F8-DDA-true,,airdpro_default,AirdPro Default,baseline,#00A087,5.766995,yes,2388490144,414165455,11463,0.000000
MS1,QC_E4805_240426_DDA_293T_500ng_120min_R1.true_uncompressed,F8-DDA-true,,airdpro_default,AirdPro Default,baseline,#00A087,5.772896,yes,2431349680,421166373,11455,0.000000
MS1,QC_E4805_240709_DIA_293T_200ng_60min_R1,F8-E4805-DIA,,airdpro_default,AirdPro Default,baseline,#00A087,6.869742,yes,1301088256,189394060,2474,0.000000
MS1,QC_E4806_240522_DDA_293T_500ng_120min_R1.true_uncompressed,F8-DDA-true,,airdpro_default,AirdPro Default,baseline,#00A087,6.610843,yes,4893524336,740226986,37800,0.000000
MS1,QC_E4806_240709_DDA_293T_200ng_120min_R1.true_uncompressed,F8-DDA-true,,airdpro_default,AirdPro Default,baseline,#00A087,6.106269,yes,2785252112,456129954,11093,0.000000
MS1,Set_1_F2,SZ-Set_1_F2,,airdpro_default,AirdPro Default,baseline,#00A087,3.315577,yes,118460528,35728485,7641,0.000000
MS2,01625b_GA1-TUM_first_pool_1_01_01-DDA-1h-R2.true_uncompressed,F8-DDA-true,,airdpro_default,AirdPro Default,baseline,#00A087,2.980682,yes,298801792,100246112,50848,0.000000
MS2,01625b_GA1-TUM_first_pool_1_01_01-ETD-1h-R2,F8-ETD,,airdpro_default,AirdPro Default,baseline,#00A087,2.261571,yes,15282368,6757412,11421,0.000000
MS2,File13_SA1,SZ-File13,,airdpro_default,AirdPro Default,baseline,#00A087,0.000000,no,0,0,0,
MS2,File14_LFQ_Orbitrap_AIF_Human_01,SZ-File14,,airdpro_default,AirdPro Default,baseline,#00A087,2.614856,yes,1144597296,437728640,233028,0.000000
MS2,File15_LFQ_Orbitrap_DDA_Human_01,SZ-File15,,airdpro_default,AirdPro Default,baseline,#00A087,5.329802,yes,4499196752,844158275,118387,0.000000
MS2,File16_LFQ_TTOF5600_DDA_Human_01,SZ-File16,,airdpro_default,AirdPro Default,baseline,#00A087,9.120902,yes,5190057744,569028983,29159,0.000000
MS2,File18_LFQ_TTOF6600_DDA_Human_01,SZ-File18,,airdpro_default,AirdPro Default,baseline,#00A087,8.945042,yes,12905715472,1442778654,58645,0.000000
MS2,File2_20180722_L929_test_DDA_1,SZ-File2,,airdpro_default,AirdPro Default,baseline,#00A087,8.200985,yes,4128589616,503426066,42429,0.000000
MS2,File3_QE-HFX-20190719_50cm_60min_OFe4_2,SZ-File3,,airdpro_default,AirdPro Default,baseline,#00A087,2.783826,yes,596502768,214274459,42682,0.000000
MS2,File4_QE-HFX-20190719_50cm_60min_Fr1,SZ-File4,,airdpro_default,AirdPro Default,baseline,#00A087,2.419345,yes,167258176,69133659,57705,0.000000
MS2,File5_S8184TPST_01,SZ-File5,,airdpro_default,AirdPro Default,baseline,#00A087,5.533659,yes,531217136,95997450,19801,0.000000
MS2,File6_Negative_000333,SZ-File6,,airdpro_default,AirdPro Default,baseline,#00A087,6.021425,yes,122260464,20304242,30442,0.000000
MS2,LFQ_Orbitrap_AIF_Human_01,SZ-LFQ_Orbitrap_AIF_H,,airdpro_default,AirdPro Default,baseline,#00A087,2.614856,yes,1144597296,437728640,233028,-0.000038
MS2,LFQ_Orbitrap_AIF_Human_02,SZ-LFQ_Orbitrap_AIF_H,,airdpro_default,AirdPro Default,baseline,#00A087,2.598424,yes,1051028320,404486862,233035,0.000000
MS2,QC_E4801_240408_DDA_293T_500ng_120min_R1.true_uncompressed,F8-DDA-true,,airdpro_default,AirdPro Default,baseline,#00A087,2.502601,yes,746443632,298267090,185517,0.000000
MS2,QC_E4802_240508_DIA_293T_500ng_60min_26w_R3.true_uncompressed,F8-E4802,,airdpro_default,AirdPro Default,baseline,#00A087,2.724267,yes,1230462048,451667246,64995,0.000000
MS2,QC_E4802_240511_DIA_293T_500ng_60min_26w_R1.true_uncompressed,F8-E4802,,airdpro_default,AirdPro Default,baseline,#00A087,2.723917,yes,1229374240,451325930,64990,0.000000
MS2,QC_E4802_240703_DDA_293T_500ng_60min_R1.true_uncompressed,F8-E4802,,airdpro_default,AirdPro Default,baseline,#00A087,2.539644,yes,488852112,192488410,92213,0.000000
MS2,QC_E4802_240703_DIA_293T_500ng_90min_R1,F8-E4802,,airdpro_default,AirdPro Default,baseline,#00A087,2.765407,yes,1809329984,654272559,87985,0.000000
MS2,QC_E4804_240226_DIA_293T_500ng_120min_R1.true_uncompressed,F8-DDA-true,,airdpro_default,AirdPro Default,baseline,#00A087,2.788604,yes,2318534848,831432014,105336,0.000000
MS2,QC_E4804_240308_DIA_293T_500ng_120min_R1.true_uncompressed,F8-DDA-true,,airdpro_default,AirdPro Default,baseline,#00A087,2.792660,yes,2274240272,814363525,105232,0.000000
MS2,QC_E4804_240320_DDA_293T_500ng_120min_R1,F8-E4804-R1,,airdpro_default,AirdPro Default,baseline,#00A087,2.471629,yes,633174608,256177076,180488,0.000000
MS2,QC_E4804_240320_DDA_293T_500ng_120min_R1_centroided,F8-E4804-cent,,airdpro_default,AirdPro Default,baseline,#00A087,2.471629,yes,633174608,256177076,180488,0.000000
MS2,QC_E4804_240320_DIA_293T_500ng_120min_R1.true_uncompressed,F8-E4804-R1,,airdpro_default,AirdPro Default,baseline,#00A087,2.809746,yes,1998748336,711362518,104654,0.000000
MS2,QC_E4804_240403_DDA_293T_500ng_120min_R2,F8-E4804-R2,,airdpro_default,AirdPro Default,baseline,#00A087,2.465654,yes,583867376,236800170,180051,0.000000
MS2,QC_E4804_240429_DDA_293T_500ng_120min_R1.true_uncompressed,F8-DDA-true,,airdpro_default,AirdPro Default,baseline,#00A087,2.507475,yes,798296720,318366722,182549,0.000000
MS2,QC_E4804_240507_DIA_293T_500ng_120min_R1.true_uncompressed,F8-DDA-true,,airdpro_default,AirdPro Default,baseline,#00A087,2.761640,yes,2415760944,874755947,105658,0.000000
MS2,QC_E4804_240628_DIA_293T_500ng_120min_R1.true_uncompressed,F8-DDA-true,,airdpro_default,AirdPro Default,baseline,#00A087,2.797317,yes,2407244304,860554664,105087,0.000000
MS2,QC_E4805_240328_DDA_293T_1ug_60min_NewCol_R1.true_uncompressed,F8-E4805-R2,,airdpro_default,AirdPro Default,baseline,#00A087,2.599000,yes,660851360,254271366,90522,0.000000
MS2,QC_E4805_240328_DDA_293T_1ug_60min_NewCol_R2,F8-E4805-R2,,airdpro_default,AirdPro Default,baseline,#00A087,2.598439,yes,658583360,253453456,91485,0.000000
MS2,QC_E4805_240416_DDA_293T_500ng_120min_R1.true_uncompressed,F8-DDA-true,,airdpro_default,AirdPro Default,baseline,#00A087,2.533412,yes,851911936,336270615,170791,-0.000316
MS2,QC_E4805_240426_DDA_293T_500ng_120min_R1.true_uncompressed,F8-DDA-true,,airdpro_default,AirdPro Default,baseline,#00A087,2.533223,yes,846367616,334106979,170922,0.000000
MS2,QC_E4805_240709_DIA_293T_200ng_60min_R1,F8-E4805-DIA,,airdpro_default,AirdPro Default,baseline,#00A087,2.847312,yes,697128096,244837284,49462,0.000000
MS2,QC_E4806_240522_DDA_293T_500ng_120min_R1.true_uncompressed,F8-DDA-true,,airdpro_default,AirdPro Default,baseline,#00A087,1.982463,yes,13053744,6584608,40204,0.000000
MS2,QC_E4806_240709_DDA_293T_200ng_120min_R1.true_uncompressed,F8-DDA-true,,airdpro_default,AirdPro Default,baseline,#00A087,2.405536,yes,412918096,171653253,172014,0.000000
MS2,Set_1_F2,SZ-Set_1_F2,,airdpro_default,AirdPro Default,baseline,#00A087,3.431767,yes,145593408,42425198,10635,0.000000
MS1,01625b_GA1-TUM_first_pool_1_01_01-DDA-1h-R2.true_uncompressed,F8-DDA-true,,zdpd_baseline,ZDPD,baseline,#72B7B2,7.055759,yes,1068674096,151461261,3901,0.000000
MS1,01625b_GA1-TUM_first_pool_1_01_01-ETD-1h-R2,F8-ETD,,zdpd_baseline,ZDPD,baseline,#72B7B2,7.747608,yes,977311088,126143587,2303,0.000000
MS1,File13_SA1,SZ-File13,,zdpd_baseline,ZDPD,baseline,#72B7B2,7.225406,yes,2835103104,392379760,12470,0.000000
MS1,File14_LFQ_Orbitrap_AIF_Human_01,SZ-File14,,zdpd_baseline,ZDPD,baseline,#72B7B2,2.506775,yes,46457008,18532583,3108,0.000000
MS1,File15_LFQ_Orbitrap_DDA_Human_01,SZ-File15,,zdpd_baseline,ZDPD,baseline,#72B7B2,5.998243,yes,8533018224,1422586294,24749,0.000000
MS1,File16_LFQ_TTOF5600_DDA_Human_01,SZ-File16,,zdpd_baseline,ZDPD,baseline,#72B7B2,14.567033,yes,2935850192,201540717,3454,0.000000
MS1,File18_LFQ_TTOF6600_DDA_Human_01,SZ-File18,,zdpd_baseline,ZDPD,baseline,#72B7B2,10.005572,yes,4635222464,463264111,3293,0.000000
MS1,File2_20180722_L929_test_DDA_1,SZ-File2,,zdpd_baseline,ZDPD,baseline,#72B7B2,15.295880,yes,5783550864,378111687,4206,0.000000
MS1,File3_QE-HFX-20190719_50cm_60min_OFe4_2,SZ-File3,,zdpd_baseline,ZDPD,baseline,#72B7B2,6.053176,yes,800595872,132260462,2135,0.000000
MS1,File4_QE-HFX-20190719_50cm_60min_Fr1,SZ-File4,,zdpd_baseline,ZDPD,baseline,#72B7B2,5.922163,yes,1672192240,282361758,6026,0.000000
MS1,File5_S8184TPST_01,SZ-File5,,zdpd_baseline,ZDPD,baseline,#72B7B2,6.216793,yes,1796967456,289050566,4768,0.000000
MS1,File6_Negative_000333,SZ-File6,,zdpd_baseline,ZDPD,baseline,#72B7B2,7.012846,yes,521787216,74404487,3047,0.000000
MS1,LFQ_Orbitrap_AIF_Human_01,SZ-LFQ_Orbitrap_AIF_H,,zdpd_baseline,ZDPD,baseline,#72B7B2,2.506775,yes,46457008,18532583,3108,0.000000
MS1,LFQ_Orbitrap_AIF_Human_02,SZ-LFQ_Orbitrap_AIF_H,,zdpd_baseline,ZDPD,baseline,#72B7B2,2.514715,yes,46934896,18664098,3108,0.000000
MS1,QC_E4801_240408_DDA_293T_500ng_120min_R1.true_uncompressed,F8-DDA-true,,zdpd_baseline,ZDPD,baseline,#72B7B2,5.845536,yes,2617702576,447812242,8353,0.000000
MS1,QC_E4802_240508_DIA_293T_500ng_60min_26w_R3.true_uncompressed,F8-E4802,,zdpd_baseline,ZDPD,baseline,#72B7B2,6.054840,yes,1019859472,168437077,2500,0.000000
MS1,QC_E4802_240511_DIA_293T_500ng_60min_26w_R1.true_uncompressed,F8-E4802,,zdpd_baseline,ZDPD,baseline,#72B7B2,6.050430,yes,1038230544,171596147,2500,0.000000
MS1,QC_E4802_240703_DDA_293T_500ng_60min_R1.true_uncompressed,F8-E4802,,zdpd_baseline,ZDPD,baseline,#72B7B2,5.895899,yes,2250251840,381663889,11171,0.000000
MS1,QC_E4802_240703_DIA_293T_500ng_90min_R1,F8-E4802,,zdpd_baseline,ZDPD,baseline,#72B7B2,6.076854,yes,1364367632,224518755,3034,0.000000
MS1,QC_E4804_240226_DIA_293T_500ng_120min_R1.true_uncompressed,F8-DDA-true,,zdpd_baseline,ZDPD,baseline,#72B7B2,6.047911,yes,1433868080,237084840,2926,0.000000
MS1,QC_E4804_240308_DIA_293T_500ng_120min_R1.true_uncompressed,F8-DDA-true,,zdpd_baseline,ZDPD,baseline,#72B7B2,6.055040,yes,1409555632,232790457,2924,0.000000
MS1,QC_E4804_240320_DDA_293T_500ng_120min_R1,F8-E4804-R1,,zdpd_baseline,ZDPD,baseline,#72B7B2,5.757396,yes,2342230880,406821197,9436,0.000000
MS1,QC_E4804_240320_DDA_293T_500ng_120min_R1_centroided,F8-E4804-cent,,zdpd_baseline,ZDPD,baseline,#72B7B2,2.476208,yes,129414272,52263086,9436,0.000000
MS1,QC_E4804_240320_DIA_293T_500ng_120min_R1.true_uncompressed,F8-E4804-R1,,zdpd_baseline,ZDPD,baseline,#72B7B2,6.198920,yes,1363665616,219984402,2908,0.000000
MS1,QC_E4804_240403_DDA_293T_500ng_120min_R2,F8-E4804-R2,,zdpd_baseline,ZDPD,baseline,#72B7B2,5.752725,yes,2605619008,452936481,9209,0.000000
MS1,QC_E4804_240429_DDA_293T_500ng_120min_R1.true_uncompressed,F8-DDA-true,,zdpd_baseline,ZDPD,baseline,#72B7B2,5.656982,yes,2628432480,464635074,9187,0.000000
MS1,QC_E4804_240507_DIA_293T_500ng_120min_R1.true_uncompressed,F8-DDA-true,,zdpd_baseline,ZDPD,baseline,#72B7B2,5.994401,yes,1457178208,243089875,2935,0.000000
MS1,QC_E4804_240628_DIA_293T_500ng_120min_R1.true_uncompressed,F8-DDA-true,,zdpd_baseline,ZDPD,baseline,#72B7B2,6.128770,yes,1378115280,224860017,2920,0.000000
MS1,QC_E4805_240328_DDA_293T_1ug_60min_NewCol_R1.true_uncompressed,F8-E4805-R2,,zdpd_baseline,ZDPD,baseline,#72B7B2,5.792051,yes,1349954240,233070165,4661,0.000000
MS1,QC_E4805_240328_DDA_293T_1ug_60min_NewCol_R2,F8-E4805-R2,,zdpd_baseline,ZDPD,baseline,#72B7B2,5.738254,yes,1291915392,225140848,4517,0.000000
MS1,QC_E4805_240416_DDA_293T_500ng_120min_R1.true_uncompressed,F8-DDA-true,,zdpd_baseline,ZDPD,baseline,#72B7B2,5.766995,yes,2388490144,414165455,11463,0.000000
MS1,QC_E4805_240426_DDA_293T_500ng_120min_R1.true_uncompressed,F8-DDA-true,,zdpd_baseline,ZDPD,baseline,#72B7B2,5.772896,yes,2431349680,421166373,11455,0.000000
MS1,QC_E4805_240709_DIA_293T_200ng_60min_R1,F8-E4805-DIA,,zdpd_baseline,ZDPD,baseline,#72B7B2,6.869742,yes,1301088256,189394060,2474,0.000000
MS1,QC_E4806_240522_DDA_293T_500ng_120min_R1.true_uncompressed,F8-DDA-true,,zdpd_baseline,ZDPD,baseline,#72B7B2,6.610843,yes,4893524336,740226986,37800,0.000000
MS1,QC_E4806_240709_DDA_293T_200ng_120min_R1.true_uncompressed,F8-DDA-true,,zdpd_baseline,ZDPD,baseline,#72B7B2,6.106269,yes,2785252112,456129954,11093,0.000000
MS1,Set_1_F2,SZ-Set_1_F2,,zdpd_baseline,ZDPD,baseline,#72B7B2,3.315577,yes,118460528,35728485,7641,0.000000
MS2,01625b_GA1-TUM_first_pool_1_01_01-DDA-1h-R2.true_uncompressed,F8-DDA-true,,zdpd_baseline,ZDPD,baseline,#72B7B2,2.980682,yes,298801792,100246112,50848,0.000000
MS2,01625b_GA1-TUM_first_pool_1_01_01-ETD-1h-R2,F8-ETD,,zdpd_baseline,ZDPD,baseline,#72B7B2,2.261571,yes,15282368,6757412,11421,0.000000
MS2,File13_SA1,SZ-File13,,zdpd_baseline,ZDPD,baseline,#72B7B2,0.000000,no,0,0,0,
MS2,File14_LFQ_Orbitrap_AIF_Human_01,SZ-File14,,zdpd_baseline,ZDPD,baseline,#72B7B2,2.614856,yes,1144597296,437728640,233028,0.000000
MS2,File15_LFQ_Orbitrap_DDA_Human_01,SZ-File15,,zdpd_baseline,ZDPD,baseline,#72B7B2,5.329802,yes,4499196752,844158275,118387,0.000000
MS2,File16_LFQ_TTOF5600_DDA_Human_01,SZ-File16,,zdpd_baseline,ZDPD,baseline,#72B7B2,9.120902,yes,5190057744,569028983,29159,0.000000
MS2,File18_LFQ_TTOF6600_DDA_Human_01,SZ-File18,,zdpd_baseline,ZDPD,baseline,#72B7B2,8.945042,yes,12905715472,1442778654,58645,0.000000
MS2,File2_20180722_L929_test_DDA_1,SZ-File2,,zdpd_baseline,ZDPD,baseline,#72B7B2,8.200985,yes,4128589616,503426066,42429,0.000000
MS2,File3_QE-HFX-20190719_50cm_60min_OFe4_2,SZ-File3,,zdpd_baseline,ZDPD,baseline,#72B7B2,2.783826,yes,596502768,214274459,42682,0.000000
MS2,File4_QE-HFX-20190719_50cm_60min_Fr1,SZ-File4,,zdpd_baseline,ZDPD,baseline,#72B7B2,2.419345,yes,167258176,69133659,57705,0.000000
MS2,File5_S8184TPST_01,SZ-File5,,zdpd_baseline,ZDPD,baseline,#72B7B2,5.533659,yes,531217136,95997450,19801,0.000000
MS2,File6_Negative_000333,SZ-File6,,zdpd_baseline,ZDPD,baseline,#72B7B2,6.021425,yes,122260464,20304242,30442,0.000000
MS2,LFQ_Orbitrap_AIF_Human_01,SZ-LFQ_Orbitrap_AIF_H,,zdpd_baseline,ZDPD,baseline,#72B7B2,2.614857,yes,1144597296,437728486,233027,0.000000
MS2,LFQ_Orbitrap_AIF_Human_02,SZ-LFQ_Orbitrap_AIF_H,,zdpd_baseline,ZDPD,baseline,#72B7B2,2.598424,yes,1051028320,404486862,233035,0.000000
MS2,QC_E4801_240408_DDA_293T_500ng_120min_R1.true_uncompressed,F8-DDA-true,,zdpd_baseline,ZDPD,baseline,#72B7B2,2.502601,yes,746443632,298267090,185517,0.000000
MS2,QC_E4802_240508_DIA_293T_500ng_60min_26w_R3.true_uncompressed,F8-E4802,,zdpd_baseline,ZDPD,baseline,#72B7B2,2.724267,yes,1230462048,451667246,64995,0.000000
MS2,QC_E4802_240511_DIA_293T_500ng_60min_26w_R1.true_uncompressed,F8-E4802,,zdpd_baseline,ZDPD,baseline,#72B7B2,2.723917,yes,1229374240,451325930,64990,0.000000
MS2,QC_E4802_240703_DDA_293T_500ng_60min_R1.true_uncompressed,F8-E4802,,zdpd_baseline,ZDPD,baseline,#72B7B2,2.539644,yes,488852112,192488410,92213,0.000000
MS2,QC_E4802_240703_DIA_293T_500ng_90min_R1,F8-E4802,,zdpd_baseline,ZDPD,baseline,#72B7B2,2.765407,yes,1809329984,654272559,87985,0.000000
MS2,QC_E4804_240226_DIA_293T_500ng_120min_R1.true_uncompressed,F8-DDA-true,,zdpd_baseline,ZDPD,baseline,#72B7B2,2.788604,yes,2318534848,831432014,105336,0.000000
MS2,QC_E4804_240308_DIA_293T_500ng_120min_R1.true_uncompressed,F8-DDA-true,,zdpd_baseline,ZDPD,baseline,#72B7B2,2.792660,yes,2274240272,814363525,105232,0.000000
MS2,QC_E4804_240320_DDA_293T_500ng_120min_R1,F8-E4804-R1,,zdpd_baseline,ZDPD,baseline,#72B7B2,2.471629,yes,633174608,256177076,180488,0.000000
MS2,QC_E4804_240320_DDA_293T_500ng_120min_R1_centroided,F8-E4804-cent,,zdpd_baseline,ZDPD,baseline,#72B7B2,2.471629,yes,633174608,256177076,180488,0.000000
MS2,QC_E4804_240320_DIA_293T_500ng_120min_R1.true_uncompressed,F8-E4804-R1,,zdpd_baseline,ZDPD,baseline,#72B7B2,2.809746,yes,1998748336,711362518,104654,0.000000
MS2,QC_E4804_240403_DDA_293T_500ng_120min_R2,F8-E4804-R2,,zdpd_baseline,ZDPD,baseline,#72B7B2,2.465654,yes,583867376,236800170,180051,0.000000
MS2,QC_E4804_240429_DDA_293T_500ng_120min_R1.true_uncompressed,F8-DDA-true,,zdpd_baseline,ZDPD,baseline,#72B7B2,2.507475,yes,798296720,318366722,182549,0.000000
MS2,QC_E4804_240507_DIA_293T_500ng_120min_R1.true_uncompressed,F8-DDA-true,,zdpd_baseline,ZDPD,baseline,#72B7B2,2.761640,yes,2415760944,874755947,105658,0.000000
MS2,QC_E4804_240628_DIA_293T_500ng_120min_R1.true_uncompressed,F8-DDA-true,,zdpd_baseline,ZDPD,baseline,#72B7B2,2.797317,yes,2407244304,860554664,105087,0.000000
MS2,QC_E4805_240328_DDA_293T_1ug_60min_NewCol_R1.true_uncompressed,F8-E4805-R2,,zdpd_baseline,ZDPD,baseline,#72B7B2,2.599000,yes,660851360,254271366,90522,0.000000
MS2,QC_E4805_240328_DDA_293T_1ug_60min_NewCol_R2,F8-E4805-R2,,zdpd_baseline,ZDPD,baseline,#72B7B2,2.598439,yes,658583360,253453456,91485,0.000000
MS2,QC_E4805_240416_DDA_293T_500ng_120min_R1.true_uncompressed,F8-DDA-true,,zdpd_baseline,ZDPD,baseline,#72B7B2,2.533420,yes,851911936,336269583,170790,0.000000
MS2,QC_E4805_240426_DDA_293T_500ng_120min_R1.true_uncompressed,F8-DDA-true,,zdpd_baseline,ZDPD,baseline,#72B7B2,2.533223,yes,846367616,334106979,170922,0.000000
MS2,QC_E4805_240709_DIA_293T_200ng_60min_R1,F8-E4805-DIA,,zdpd_baseline,ZDPD,baseline,#72B7B2,2.847312,yes,697128096,244837284,49462,0.000000
MS2,QC_E4806_240522_DDA_293T_500ng_120min_R1.true_uncompressed,F8-DDA-true,,zdpd_baseline,ZDPD,baseline,#72B7B2,1.982463,yes,13053744,6584608,40204,0.000000
MS2,QC_E4806_240709_DDA_293T_200ng_120min_R1.true_uncompressed,F8-DDA-true,,zdpd_baseline,ZDPD,baseline,#72B7B2,2.405536,yes,412918096,171653253,172014,0.000000
MS2,Set_1_F2,SZ-Set_1_F2,,zdpd_baseline,ZDPD,baseline,#72B7B2,3.431767,yes,145593408,42425198,10635,0.000000
