dataset,file,label,component,component_key,raw_bytes,compressed_bytes,raw_gib,compressed_gib,compression_ratio,compression_rate_pct
Data_StackZDPD,File13_SA1.uncompressed.mzML,SZ-File13,MS1 core,ms1,2835103104,235179225,2.6403955221176147,0.2190277213230729,12.055074609587646,8.29526180787533
Data_StackZDPD,File13_SA1.uncompressed.mzML,SZ-File13,MS2 core,ms2,0,535,0.0,4.98257577419281e-07,0.0,
Data_StackZDPD,File13_SA1.uncompressed.mzML,SZ-File13,Metadata XML,metadata,44828508,837647,0.041749801486730576,0.0007801195606589317,53.51718325261118,1.8685587305292426
Data_StackZDPD,File13_SA1.uncompressed.mzML,SZ-File13,Auxiliary,auxiliary,332675,141212,0.0003098277375102043,0.00013151392340660095,2.3558550264850013,42.447433681521005
Data_StackZDPD,File13_SA1.uncompressed.mzML,SZ-File13,MS1 full m/z sidecar,ms1_full_mz,708875536,88293264,0.6601917892694473,0.08222950994968414,8.028647983837136,12.455397247620633
Data_StackZDPD,File13_SA1.uncompressed.mzML,SZ-File13,MS1 orphan intensity sidecar,ms1_orphan_intensity,0,564,0.0,5.252659320831299e-07,,
Data_StackZDPD,File14_LFQ_Orbitrap_AIF_Human_01.uncompressed.mzML,SZ-File14,MS1 core,ms1,46457008,9548639,0.04326646029949188,0.008892863057553768,4.865301536690203,20.553710647917747
Data_StackZDPD,File14_LFQ_Orbitrap_AIF_Human_01.uncompressed.mzML,SZ-File14,MS2 core,ms2,1144597296,352397847,1.065989300608635,0.3281960701569915,3.2480257917126263,30.787932859138955
Data_StackZDPD,File14_LFQ_Orbitrap_AIF_Human_01.uncompressed.mzML,SZ-File14,Metadata XML,metadata,1250525983,18972534,1.1646430781111121,0.017669549211859703,65.91243863365852,1.5171643178884673
Data_StackZDPD,File14_LFQ_Orbitrap_AIF_Human_01.uncompressed.mzML,SZ-File14,Auxiliary,auxiliary,12954825,2813910,0.012065120972692966,0.002620657905936241,4.603851935562971,21.72094181125565
Data_StackZDPD,File14_LFQ_Orbitrap_AIF_Human_01.uncompressed.mzML,SZ-File14,MS1 full m/z sidecar,ms1_full_mz,11639116,7503982,0.01083977147936821,0.006988627836108208,1.551058624607575,64.47209564712647
Data_StackZDPD,File14_LFQ_Orbitrap_AIF_Human_01.uncompressed.mzML,SZ-File14,MS1 orphan intensity sidecar,ms1_orphan_intensity,0,564,0.0,5.252659320831299e-07,,
Data_StackZDPD,File15_LFQ_Orbitrap_DDA_Human_01.uncompressed.mzML,SZ-File15,MS1 core,ms1,8533018224,882466919,7.946992501616478,0.8218613630160689,9.66950493018991,10.341791097058367
Data_StackZDPD,File15_LFQ_Orbitrap_DDA_Human_01.uncompressed.mzML,SZ-File15,MS2 core,ms2,4499196752,738724896,4.190203502774239,0.6879911720752716,6.090490216807313,16.41903959126969
Data_StackZDPD,File15_LFQ_Orbitrap_DDA_Human_01.uncompressed.mzML,SZ-File15,Metadata XML,metadata,738927733,16214312,0.6881800787523389,0.015100754797458649,45.57256163567101,2.1943028087700696
Data_StackZDPD,File15_LFQ_Orbitrap_DDA_Human_01.uncompressed.mzML,SZ-File15,Auxiliary,auxiliary,10218068,2189949,0.009516317397356033,0.0020395489409565926,4.665893132671126,21.432123959245526
Data_StackZDPD,File15_LFQ_Orbitrap_DDA_Human_01.uncompressed.mzML,SZ-File15,MS1 full m/z sidecar,ms1_full_mz,2133452548,326571138,1.9869325198233128,0.30414307303726673,6.532887630749537,15.307166700573834
Data_StackZDPD,File15_LFQ_Orbitrap_DDA_Human_01.uncompressed.mzML,SZ-File15,MS1 orphan intensity sidecar,ms1_orphan_intensity,0,564,0.0,5.252659320831299e-07,,
Data_StackZDPD,File16_LFQ_TTOF5600_DDA_Human_01.uncompressed.mzML,SZ-File16,MS1 core,ms1,2935850192,137242360,2.734223559498787,0.12781690806150436,21.391720398862276,4.674705827088061
Data_StackZDPD,File16_LFQ_TTOF5600_DDA_Human_01.uncompressed.mzML,SZ-File16,MS2 core,ms2,5190057744,446166925,4.833617940545082,0.4155253292992711,11.632547042791215,8.596569576047477
Data_StackZDPD,File16_LFQ_TTOF5600_DDA_Human_01.uncompressed.mzML,SZ-File16,Metadata XML,metadata,129601671,2036912,0.1207009619101882,0.0018970221281051636,63.62654400386467,1.5716710936543403
Data_StackZDPD,File16_LFQ_TTOF5600_DDA_Human_01.uncompressed.mzML,SZ-File16,Auxiliary,auxiliary,5076148,364512,0.004727531224489212,0.0003394782543182373,13.925873496620138,7.180878098904918
Data_StackZDPD,File16_LFQ_TTOF5600_DDA_Human_01.uncompressed.mzML,SZ-File16,MS1 full m/z sidecar,ms1_full_mz,733990180,102385738,0.6835816241800785,0.09535414911806583,7.168871312916648,13.949197249478187
Data_StackZDPD,File16_LFQ_TTOF5600_DDA_Human_01.uncompressed.mzML,SZ-File16,MS1 orphan intensity sidecar,ms1_orphan_intensity,0,564,0.0,5.252659320831299e-07,,
Data_StackZDPD,File18_LFQ_TTOF6600_DDA_Human_01.uncompressed.mzML,SZ-File18,MS1 core,ms1,4635222464,342070529,4.316887319087982,0.3185780057683587,13.550487607191673,7.37980823265185
Data_StackZDPD,File18_LFQ_TTOF6600_DDA_Human_01.uncompressed.mzML,SZ-File18,MS2 core,ms2,12905715472,1199422909,12.019384160637856,1.1170496316626668,10.75993744588382,9.29373432726179
Data_StackZDPD,File18_LFQ_TTOF6600_DDA_Human_01.uncompressed.mzML,SZ-File18,Metadata XML,metadata,250153067,3969889,0.2329731984063983,0.0036972472444176674,63.01260992435809,1.5869839405167077
Data_StackZDPD,File18_LFQ_TTOF6600_DDA_Human_01.uncompressed.mzML,SZ-File18,Auxiliary,auxiliary,6222210,564658,0.005794884636998177,0.0005258787423372269,11.01943123093979,9.074878539939988
Data_StackZDPD,File18_LFQ_TTOF6600_DDA_Human_01.uncompressed.mzML,SZ-File18,MS1 full m/z sidecar,ms1_full_mz,1158831960,187705989,1.0792463645339012,0.1748148249462247,6.173654693564413,16.197860904699247
Data_StackZDPD,File18_LFQ_TTOF6600_DDA_Human_01.uncompressed.mzML,SZ-File18,MS1 orphan intensity sidecar,ms1_orphan_intensity,0,564,0.0,5.252659320831299e-07,,
Data_StackZDPD,File2_20180722_L929_test_DDA_1.uncompressed.mzML,SZ-File2,MS1 core,ms1,5783550864,156175384,5.386351481080055,0.145449660718441,37.03241007558528,2.7003373476339845
Data_StackZDPD,File2_20180722_L929_test_DDA_1.uncompressed.mzML,SZ-File2,MS2 core,ms2,4128589616,413213647,3.84504871070385,0.3848351975902915,9.991416416118513,10.008590958002351
Data_StackZDPD,File2_20180722_L929_test_DDA_1.uncompressed.mzML,SZ-File2,Metadata XML,metadata,186234201,2859928,0.17344411555677652,0.0026635155081748962,65.11849284317647,1.5356620774505323
Data_StackZDPD,File2_20180722_L929_test_DDA_1.uncompressed.mzML,SZ-File2,Auxiliary,auxiliary,5163697,379907,0.0048090675845742226,0.0003538159653544426,13.592002779627645,7.357267477158323
Data_StackZDPD,File2_20180722_L929_test_DDA_1.uncompressed.mzML,SZ-File2,MS1 full m/z sidecar,ms1_full_mz,1445921364,241244231,1.3466192074120045,0.22467619832605124,5.993599755759548,16.684464107551563
Data_StackZDPD,File2_20180722_L929_test_DDA_1.uncompressed.mzML,SZ-File2,MS1 orphan intensity sidecar,ms1_orphan_intensity,1126333960,82138947,1.0489802435040474,0.07649785559624434,13.712544427919195,7.292592598379969
Data_StackZDPD,File3_QE-HFX-20190719_50cm_60min_OFe4_2.uncompressed.mzML,SZ-File3,MS1 core,ms1,800595872,89403086,0.7456130087375641,0.08326311223208904,8.954901981795125,11.167068071017983
Data_StackZDPD,File3_QE-HFX-20190719_50cm_60min_OFe4_2.uncompressed.mzML,SZ-File3,MS2 core,ms2,596502768,176250137,0.5555364936590195,0.1641457313671708,3.384410237366227,29.547245453855126
Data_StackZDPD,File3_QE-HFX-20190719_50cm_60min_OFe4_2.uncompressed.mzML,SZ-File3,Metadata XML,metadata,234259234,3729474,0.21817091293632984,0.003473343327641487,62.8129419859208,1.5920285985396843
Data_StackZDPD,File3_QE-HFX-20190719_50cm_60min_OFe4_2.uncompressed.mzML,SZ-File3,Auxiliary,auxiliary,1195256,443934,0.0011131688952445984,0.00041344575583934784,2.6924182423513403,37.14133206610132
Data_StackZDPD,File3_QE-HFX-20190719_50cm_60min_OFe4_2.uncompressed.mzML,SZ-File3,MS1 full m/z sidecar,ms1_full_mz,200166048,34133878,0.18641915917396545,0.03178965114057064,5.864146113137218,17.05278109902035
Data_StackZDPD,File3_QE-HFX-20190719_50cm_60min_OFe4_2.uncompressed.mzML,SZ-File3,MS1 orphan intensity sidecar,ms1_orphan_intensity,0,564,0.0,5.252659320831299e-07,,
Data_StackZDPD,File4_QE-HFX-20190719_50cm_60min_Fr1.uncompressed.mzML,SZ-File4,MS1 core,ms1,1672192240,174922025,1.5573503822088242,0.1629088306799531,9.559643732686036,10.460640877032176
Data_StackZDPD,File4_QE-HFX-20190719_50cm_60min_Fr1.uncompressed.mzML,SZ-File4,MS2 core,ms2,167258176,53996377,0.15577131509780884,0.05028804484754801,3.097581454400172,32.28325113386386
Data_StackZDPD,File4_QE-HFX-20190719_50cm_60min_Fr1.uncompressed.mzML,SZ-File4,Metadata XML,metadata,337202962,6905227,0.31404473073780537,0.006430993787944317,48.83300172463556,2.047795475770465
Data_StackZDPD,File4_QE-HFX-20190719_50cm_60min_Fr1.uncompressed.mzML,SZ-File4,Auxiliary,auxiliary,1699636,590249,0.0015829093754291534,0.0005497122183442116,2.8795237264273212,34.72796528197802
Data_StackZDPD,File4_QE-HFX-20190719_50cm_60min_Fr1.uncompressed.mzML,SZ-File4,MS1 full m/z sidecar,ms1_full_mz,418096268,65262301,0.3893824927508831,0.06078025419265032,6.40639789884209,15.609395728928153
Data_StackZDPD,File4_QE-HFX-20190719_50cm_60min_Fr1.uncompressed.mzML,SZ-File4,MS1 orphan intensity sidecar,ms1_orphan_intensity,0,564,0.0,5.252659320831299e-07,,
Data_StackZDPD,File5_S8184TPST_01.uncompressed.mzML,SZ-File5,MS1 core,ms1,1796967456,185276940,1.6735563576221466,0.17255259677767754,9.698818730490691,10.310533971072651
Data_StackZDPD,File5_S8184TPST_01.uncompressed.mzML,SZ-File5,MS2 core,ms2,531217136,87919624,0.4947345107793808,0.08188153058290482,6.042076977035298,16.55060012973678
Data_StackZDPD,File5_S8184TPST_01.uncompressed.mzML,SZ-File5,Metadata XML,metadata,125335393,2969120,0.11672768089920282,0.0027652084827423096,42.212976572183,2.368939793406959
Data_StackZDPD,File5_S8184TPST_01.uncompressed.mzML,SZ-File5,Auxiliary,auxiliary,655316,275941,0.0006103105843067169,0.00025699008256196976,2.3748409986192702,42.10808220766775
Data_StackZDPD,File5_S8184TPST_01.uncompressed.mzML,SZ-File5,MS1 full m/z sidecar,ms1_full_mz,449280008,72295281,0.4184246137738228,0.06733022723346949,6.214513613966035,16.091363896165173
Data_StackZDPD,File5_S8184TPST_01.uncompressed.mzML,SZ-File5,MS1 orphan intensity sidecar,ms1_orphan_intensity,0,564,0.0,5.252659320831299e-07,,
Data_StackZDPD,File6_Negative_000333.uncompressed.mzML,SZ-File6,MS1 core,ms1,521787216,42223277,0.4859522134065628,0.03932349104434252,12.357809556089169,8.092048962732733
Data_StackZDPD,File6_Negative_000333.uncompressed.mzML,SZ-File6,MS2 core,ms2,122260464,17644910,0.11386393010616302,0.016433103010058403,6.928936673522279,14.43222888471943
Data_StackZDPD,File6_Negative_000333.uncompressed.mzML,SZ-File6,Metadata XML,metadata,175218772,3427191,0.16318519786000252,0.0031918203458189964,51.12605979649223,1.9559496741593418
Data_StackZDPD,File6_Negative_000333.uncompressed.mzML,SZ-File6,Auxiliary,auxiliary,893176,352177,0.0008318349719047546,0.0003279903903603554,2.5361565349242,39.429742850233325
Data_StackZDPD,File6_Negative_000333.uncompressed.mzML,SZ-File6,MS1 full m/z sidecar,ms1_full_mz,130471180,19055933,0.12151075527071953,0.01774722058326006,6.846748464113513,14.605473024770681
Data_StackZDPD,File6_Negative_000333.uncompressed.mzML,SZ-File6,MS1 orphan intensity sidecar,ms1_orphan_intensity,0,564,0.0,5.252659320831299e-07,,
Data_StackZDPD,LFQ_Orbitrap_AIF_Human_01.uncompressed.mzML,SZ-LFQ_Orbitrap_AIF_H,MS1 core,ms1,46457008,9548639,0.04326646029949188,0.008892863057553768,4.865301536690203,20.553710647917747
Data_StackZDPD,LFQ_Orbitrap_AIF_Human_01.uncompressed.mzML,SZ-LFQ_Orbitrap_AIF_H,MS2 core,ms2,1144597296,352397847,1.065989300608635,0.3281960701569915,3.2480257917126263,30.787932859138955
Data_StackZDPD,LFQ_Orbitrap_AIF_Human_01.uncompressed.mzML,SZ-LFQ_Orbitrap_AIF_H,Metadata XML,metadata,1251455913,18961575,1.1655091429129243,0.017659342847764492,65.9995761428046,1.5151612456363055
Data_StackZDPD,LFQ_Orbitrap_AIF_Human_01.uncompressed.mzML,SZ-LFQ_Orbitrap_AIF_H,Auxiliary,auxiliary,4629762,3304069,0.004311801865696907,0.0030771540477871895,1.4012304222460246,71.36584990761943
Data_StackZDPD,LFQ_Orbitrap_AIF_Human_01.uncompressed.mzML,SZ-LFQ_Orbitrap_AIF_H,MS1 full m/z sidecar,ms1_full_mz,11639116,7503982,0.01083977147936821,0.006988627836108208,1.551058624607575,64.47209564712647
Data_StackZDPD,LFQ_Orbitrap_AIF_Human_01.uncompressed.mzML,SZ-LFQ_Orbitrap_AIF_H,MS1 orphan intensity sidecar,ms1_orphan_intensity,0,564,0.0,5.252659320831299e-07,,
Data_StackZDPD,LFQ_Orbitrap_AIF_Human_02.uncompressed.mzML,SZ-LFQ_Orbitrap_AIF_H,MS1 core,ms1,46934896,9596880,0.043711528182029724,0.008937790989875793,4.890641125032302,20.447216927890924
Data_StackZDPD,LFQ_Orbitrap_AIF_Human_02.uncompressed.mzML,SZ-LFQ_Orbitrap_AIF_H,MS2 core,ms2,1051028320,324274386,0.978846400976181,0.3020040560513735,3.2411697173023097,30.853058840507742
Data_StackZDPD,LFQ_Orbitrap_AIF_Human_02.uncompressed.mzML,SZ-LFQ_Orbitrap_AIF_H,Metadata XML,metadata,1251767583,18911267,1.1657994082197547,0.017612489871680737,66.19162973057279,1.5107650379215802
Data_StackZDPD,LFQ_Orbitrap_AIF_Human_02.uncompressed.mzML,SZ-LFQ_Orbitrap_AIF_H,Auxiliary,auxiliary,4630006,3303160,0.004312029108405113,0.003076307475566864,1.4016898969471658,71.34245614368534
Data_StackZDPD,LFQ_Orbitrap_AIF_Human_02.uncompressed.mzML,SZ-LFQ_Orbitrap_AIF_H,MS1 full m/z sidecar,ms1_full_mz,11758588,7568517,0.01095103845000267,0.007048730738461018,1.5536184961994537,64.3658660376569
Data_StackZDPD,LFQ_Orbitrap_AIF_Human_02.uncompressed.mzML,SZ-LFQ_Orbitrap_AIF_H,MS1 orphan intensity sidecar,ms1_orphan_intensity,0,564,0.0,5.252659320831299e-07,,
Data_StackZDPD,Set 1_F2.uncompressed.mzML,SZ-Set_1_F2,MS1 core,ms1,118460528,13853783,0.11032496392726898,0.012902340851724148,8.550771150378203,11.694851638682549
Data_StackZDPD,Set 1_F2.uncompressed.mzML,SZ-Set_1_F2,MS2 core,ms2,145593408,40531198,0.1355944275856018,0.037747619673609734,3.592131868394317,27.838621649683482
Data_StackZDPD,Set 1_F2.uncompressed.mzML,SZ-Set_1_F2,Metadata XML,metadata,72173911,1822466,0.0672171926125884,0.0016973037272691727,39.602336065528796,2.5251035654698
Data_StackZDPD,Set 1_F2.uncompressed.mzML,SZ-Set_1_F2,Auxiliary,auxiliary,1767871,298927,0.0016464581713080406,0.00027839746326208115,5.914055940079016,16.908869481992745
Data_StackZDPD,Set 1_F2.uncompressed.mzML,SZ-Set_1_F2,MS1 full m/z sidecar,ms1_full_mz,29676260,21858016,0.02763817086815834,0.020356863737106323,1.3576831492849122,73.65488777898562
Data_StackZDPD,Set 1_F2.uncompressed.mzML,SZ-Set_1_F2,MS1 orphan intensity sidecar,ms1_orphan_intensity,0,564,0.0,5.252659320831299e-07,,
Full8,01625b_GA1-TUM_first_pool_1_01_01-DDA-1h-R2.true_uncompressed.mzML,F8-DDA-true,MS1 core,ms1,1068674096,89799525,0.995280310511589,0.08363232482224703,11.900665354298923,8.402891521008666
Full8,01625b_GA1-TUM_first_pool_1_01_01-DDA-1h-R2.true_uncompressed.mzML,F8-DDA-true,MS2 core,ms2,298801792,89603435,0.2782808542251587,0.08344970177859068,3.3347135854780565,29.987582872327618
Full8,01625b_GA1-TUM_first_pool_1_01_01-DDA-1h-R2.true_uncompressed.mzML,F8-DDA-true,Metadata XML,metadata,288343228,5744418,0.26854055747389793,0.005349906161427498,50.19537714699731,1.992215333040525
Full8,01625b_GA1-TUM_first_pool_1_01_01-DDA-1h-R2.true_uncompressed.mzML,F8-DDA-true,Auxiliary,auxiliary,1460116,606106,0.001359838992357254,0.0005644802004098892,2.4090109650787155,41.510811469773635
Full8,01625b_GA1-TUM_first_pool_1_01_01-DDA-1h-R2.true_uncompressed.mzML,F8-DDA-true,MS1 full m/z sidecar,ms1_full_mz,267199732,40887561,0.24884914234280586,0.03807950858026743,6.534988281643897,15.302246261235023
Full8,01625b_GA1-TUM_first_pool_1_01_01-DDA-1h-R2.true_uncompressed.mzML,F8-DDA-true,MS1 orphan intensity sidecar,ms1_orphan_intensity,0,564,0.0,5.252659320831299e-07,,
Full8,QC_E4806_240522_DDA_293T_500ng_120min_R1.true_uncompressed.mzML,F8-DDA-true,MS1 core,ms1,4893524336,419959187,4.55744968354702,0.3911174712702632,11.652380725272716,8.58193723305926
Full8,QC_E4806_240522_DDA_293T_500ng_120min_R1.true_uncompressed.mzML,F8-DDA-true,MS2 core,ms2,13053744,4573316,0.012157246470451355,0.004259232431650162,2.8543280193190235,35.03451576804325
Full8,QC_E4806_240522_DDA_293T_500ng_120min_R1.true_uncompressed.mzML,F8-DDA-true,Metadata XML,metadata,357483860,8104518,0.3329327888786793,0.007547920569777489,44.109206741227545,2.2671003944066173
Full8,QC_E4806_240522_DDA_293T_500ng_120min_R1.true_uncompressed.mzML,F8-DDA-true,Auxiliary,auxiliary,15170008,2525353,0.014128170907497406,0.0023519182577729225,6.007084158135516,16.647011656157336
Full8,QC_E4806_240522_DDA_293T_500ng_120min_R1.true_uncompressed.mzML,F8-DDA-true,MS1 full m/z sidecar,ms1_full_mz,1223683484,159073212,1.1396440528333187,0.14814847335219383,7.692580470431439,12.999539021317705
Full8,QC_E4806_240522_DDA_293T_500ng_120min_R1.true_uncompressed.mzML,F8-DDA-true,MS1 orphan intensity sidecar,ms1_orphan_intensity,0,564,0.0,5.252659320831299e-07,,
Full8,QC_E4804_240429_DDA_293T_500ng_120min_R1.true_uncompressed.mzML,F8-DDA-true,MS1 core,ms1,2628432480,283588422,2.4479185044765472,0.2641122993081808,9.268475988769387,10.789260297072573
Full8,QC_E4804_240429_DDA_293T_500ng_120min_R1.true_uncompressed.mzML,F8-DDA-true,MS2 core,ms2,798296720,255848835,0.7434717565774918,0.23827779572457075,3.1201889975383317,32.04934062612709
Full8,QC_E4804_240429_DDA_293T_500ng_120min_R1.true_uncompressed.mzML,F8-DDA-true,Metadata XML,metadata,1038464351,24327010,0.967145293019712,0.022656293585896492,42.687710121383596,2.342594618349109
Full8,QC_E4804_240429_DDA_293T_500ng_120min_R1.true_uncompressed.mzML,F8-DDA-true,Auxiliary,auxiliary,12724840,2878185,0.011850930750370026,0.002680518664419651,4.4211334573698355,22.61863410463314
Full8,QC_E4804_240429_DDA_293T_500ng_120min_R1.true_uncompressed.mzML,F8-DDA-true,MS1 full m/z sidecar,ms1_full_mz,657181616,110909180,0.6120480746030807,0.10329222306609154,5.9254032533646,16.87648852307518
Full8,QC_E4804_240429_DDA_293T_500ng_120min_R1.true_uncompressed.mzML,F8-DDA-true,MS1 orphan intensity sidecar,ms1_orphan_intensity,0,564,0.0,5.252659320831299e-07,,
Full8,QC_E4804_240507_DIA_293T_500ng_120min_R1.true_uncompressed.mzML,F8-DDA-true,MS1 core,ms1,1457178208,168371374,1.3571029603481293,0.15680806152522564,8.654548415100539,11.554617896124892
Full8,QC_E4804_240507_DIA_293T_500ng_120min_R1.true_uncompressed.mzML,F8-DDA-true,MS2 core,ms2,2415760944,704298166,2.249852702021599,0.6559287812560797,3.4300258904834346,29.1542988866203
Full8,QC_E4804_240507_DIA_293T_500ng_120min_R1.true_uncompressed.mzML,F8-DDA-true,Metadata XML,metadata,549365875,8132301,0.5116368411108851,0.0075737955048680305,67.55355894967488,1.4803069083968858
Full8,QC_E4804_240507_DIA_293T_500ng_120min_R1.true_uncompressed.mzML,F8-DDA-true,Auxiliary,auxiliary,10525891,2190498,0.009802999906241894,0.0020400602370500565,4.805250221639097,20.810570810585062
Full8,QC_E4804_240507_DIA_293T_500ng_120min_R1.true_uncompressed.mzML,F8-DDA-true,MS1 full m/z sidecar,ms1_full_mz,364318032,60030846,0.3392976075410843,0.0559080820530653,6.068847205651575,16.477593950112247
Full8,QC_E4804_240507_DIA_293T_500ng_120min_R1.true_uncompressed.mzML,F8-DDA-true,MS1 orphan intensity sidecar,ms1_orphan_intensity,0,564,0.0,5.252659320831299e-07,,
Full8,QC_E4801_240408_DDA_293T_500ng_120min_R1.true_uncompressed.mzML,F8-DDA-true,MS1 core,ms1,2617702576,268964060,2.4379255026578903,0.25049230083823204,9.732536666794813,10.274813589059171
Full8,QC_E4801_240408_DDA_293T_500ng_120min_R1.true_uncompressed.mzML,F8-DDA-true,MS2 core,ms2,746443632,238215885,0.6951798051595688,0.22185583133250475,3.1334754691107185,31.91344594389949
Full8,QC_E4801_240408_DDA_293T_500ng_120min_R1.true_uncompressed.mzML,F8-DDA-true,Metadata XML,metadata,1051863668,24456977,0.9796243794262409,0.022777334786951542,43.00873603471108,2.3251090178351896
Full8,QC_E4801_240408_DDA_293T_500ng_120min_R1.true_uncompressed.mzML,F8-DDA-true,Auxiliary,auxiliary,12661368,2880401,0.011791817843914032,0.002682582475244999,4.395696293675776,22.749524379988006
Full8,QC_E4801_240408_DDA_293T_500ng_120min_R1.true_uncompressed.mzML,F8-DDA-true,MS1 full m/z sidecar,ms1_full_mz,654492468,109769480,0.6095436103641987,0.10223079472780228,5.962426605282269,16.77169491887873
Full8,QC_E4801_240408_DDA_293T_500ng_120min_R1.true_uncompressed.mzML,F8-DDA-true,MS1 orphan intensity sidecar,ms1_orphan_intensity,0,564,0.0,5.252659320831299e-07,,
Full8,QC_E4804_240628_DIA_293T_500ng_120min_R1.true_uncompressed.mzML,F8-DDA-true,MS1 core,ms1,1378115280,154349068,1.283469870686531,0.14374877139925957,8.928562367477333,11.200011366247967
Full8,QC_E4804_240628_DIA_293T_500ng_120min_R1.true_uncompressed.mzML,F8-DDA-true,MS2 core,ms2,2407244304,687426016,2.2419209629297256,0.6402153670787811,3.5018231023714996,28.556553851129184
Full8,QC_E4804_240628_DIA_293T_500ng_120min_R1.true_uncompressed.mzML,F8-DDA-true,Metadata XML,metadata,546399169,7970927,0.508873880840838,0.007423504255712032,68.54901180251682,1.4588102347571468
Full8,QC_E4804_240628_DIA_293T_500ng_120min_R1.true_uncompressed.mzML,F8-DDA-true,Auxiliary,auxiliary,10366063,2168094,0.009654148481786251,0.0020191948860883713,4.781187070302303,20.91530796214532
Full8,QC_E4804_240628_DIA_293T_500ng_120min_R1.true_uncompressed.mzML,F8-DDA-true,MS1 full m/z sidecar,ms1_full_mz,344552180,56440023,0.3208892233669758,0.052563867531716824,6.104749106852774,16.3806895663815
Full8,QC_E4804_240628_DIA_293T_500ng_120min_R1.true_uncompressed.mzML,F8-DDA-true,MS1 orphan intensity sidecar,ms1_orphan_intensity,0,564,0.0,5.252659320831299e-07,,
Full8,QC_E4804_240226_DIA_293T_500ng_120min_R1.true_uncompressed.mzML,F8-DDA-true,MS1 core,ms1,1433868080,164332855,1.335393711924553,0.1530468976125121,8.725388967410078,11.460807119717737
Full8,QC_E4804_240226_DIA_293T_500ng_120min_R1.true_uncompressed.mzML,F8-DDA-true,MS2 core,ms2,2318534848,666649964,2.159303843975067,0.6208661608397961,3.477889407041204,28.753070697861688
Full8,QC_E4804_240226_DIA_293T_500ng_120min_R1.true_uncompressed.mzML,F8-DDA-true,Metadata XML,metadata,547694161,7980305,0.5100799361243844,0.007432238198816776,68.63073040441436,1.4570732295975675
Full8,QC_E4804_240226_DIA_293T_500ng_120min_R1.true_uncompressed.mzML,F8-DDA-true,Auxiliary,auxiliary,10333543,2169752,0.009623861871659756,0.0020207390189170837,4.762545673422585,20.997173960567057
Full8,QC_E4804_240226_DIA_293T_500ng_120min_R1.true_uncompressed.mzML,F8-DDA-true,MS1 full m/z sidecar,ms1_full_mz,358490428,58632286,0.33387022837996483,0.054605571553111076,6.114215434138113,16.355328181872682
Full8,QC_E4804_240226_DIA_293T_500ng_120min_R1.true_uncompressed.mzML,F8-DDA-true,MS1 orphan intensity sidecar,ms1_orphan_intensity,0,564,0.0,5.252659320831299e-07,,
Full8,QC_E4805_240426_DDA_293T_500ng_120min_R1.true_uncompressed.mzML,F8-DDA-true,MS1 core,ms1,2431349680,260989185,2.26437084376812,0.24306511972099543,9.315902036323843,10.73433357393495
Full8,QC_E4805_240426_DDA_293T_500ng_120min_R1.true_uncompressed.mzML,F8-DDA-true,MS2 core,ms2,846367616,261261679,0.7882412672042847,0.2433188995346427,3.2395398331647405,30.868581696774182
Full8,QC_E4805_240426_DDA_293T_500ng_120min_R1.true_uncompressed.mzML,F8-DDA-true,Metadata XML,metadata,982571848,22948211,0.9150913432240486,0.021372186951339245,42.81692581613443,2.335524984428416
Full8,QC_E4805_240426_DDA_293T_500ng_120min_R1.true_uncompressed.mzML,F8-DDA-true,Auxiliary,auxiliary,15751638,3143189,0.014669856056571007,0.0029273228719830513,5.0113556645814175,19.9546802688076
Full8,QC_E4805_240426_DDA_293T_500ng_120min_R1.true_uncompressed.mzML,F8-DDA-true,MS1 full m/z sidecar,ms1_full_mz,607929060,98315524,0.5661780573427677,0.09156346693634987,6.1834493197635805,16.172203381756418
Full8,QC_E4805_240426_DDA_293T_500ng_120min_R1.true_uncompressed.mzML,F8-DDA-true,MS1 orphan intensity sidecar,ms1_orphan_intensity,0,564,0.0,5.252659320831299e-07,,
Full8,QC_E4804_240308_DIA_293T_500ng_120min_R1.true_uncompressed.mzML,F8-DDA-true,MS1 core,ms1,1409555632,161448844,1.312750980257988,0.15036095306277275,8.730664135322021,11.453882367943317
Full8,QC_E4804_240308_DIA_293T_500ng_120min_R1.true_uncompressed.mzML,F8-DDA-true,MS2 core,ms2,2274240272,653260425,2.118051305413246,0.6083961809054017,3.481368509350616,28.72433634400086
Full8,QC_E4804_240308_DIA_293T_500ng_120min_R1.true_uncompressed.mzML,F8-DDA-true,Metadata XML,metadata,547153286,7958158,0.5095762070268393,0.007411612197756767,68.75376010378281,1.4544659062871825
Full8,QC_E4804_240308_DIA_293T_500ng_120min_R1.true_uncompressed.mzML,F8-DDA-true,Auxiliary,auxiliary,10496579,2218852,0.009775700978934765,0.0020664669573307037,4.730635031088148,21.13881103548118
Full8,QC_E4804_240308_DIA_293T_500ng_120min_R1.true_uncompressed.mzML,F8-DDA-true,MS1 full m/z sidecar,ms1_full_mz,352412300,57420128,0.3282095305621624,0.05347666144371033,6.137434942673761,16.293451732530333
Full8,QC_E4804_240308_DIA_293T_500ng_120min_R1.true_uncompressed.mzML,F8-DDA-true,MS1 orphan intensity sidecar,ms1_orphan_intensity,0,564,0.0,5.252659320831299e-07,,
Full8,QC_E4805_240416_DDA_293T_500ng_120min_R1.true_uncompressed.mzML,F8-DDA-true,MS1 core,ms1,2388490144,257212200,2.224454790353775,0.23954752832651138,9.286068639045892,10.768819818919043
Full8,QC_E4805_240416_DDA_293T_500ng_120min_R1.true_uncompressed.mzML,F8-DDA-true,MS2 core,ms2,851911936,271733782,0.7934048175811768,0.2530718054622412,3.1350976302239815,31.89693329992268
Full8,QC_E4805_240416_DDA_293T_500ng_120min_R1.true_uncompressed.mzML,F8-DDA-true,Metadata XML,metadata,981878121,22939798,0.9144452596083283,0.021364351734519005,42.802387405503744,2.336318277123521
Full8,QC_E4805_240416_DDA_293T_500ng_120min_R1.true_uncompressed.mzML,F8-DDA-true,Auxiliary,auxiliary,15808394,3144718,0.014722714200615883,0.0029287468641996384,5.026967123920174,19.89271016397997
Full8,QC_E4805_240416_DDA_293T_500ng_120min_R1.true_uncompressed.mzML,F8-DDA-true,MS1 full m/z sidecar,ms1_full_mz,597214240,97872311,0.5561991035938263,0.09115069266408682,6.101973417180269,16.3881408788913
Full8,QC_E4805_240416_DDA_293T_500ng_120min_R1.true_uncompressed.mzML,F8-DDA-true,MS1 orphan intensity sidecar,ms1_orphan_intensity,0,564,0.0,5.252659320831299e-07,,
Full8,QC_E4806_240709_DDA_293T_200ng_120min_R1.true_uncompressed.mzML,F8-DDA-true,MS1 core,ms1,2785252112,278758254,2.593968167901039,0.2596138548105955,9.9916399677263,10.008367027135389
Full8,QC_E4806_240709_DDA_293T_200ng_120min_R1.true_uncompressed.mzML,F8-DDA-true,MS2 core,ms2,412918096,133562119,0.3845599442720413,0.12438941653817892,3.091580899521368,32.34591079776751
Full8,QC_E4806_240709_DDA_293T_200ng_120min_R1.true_uncompressed.mzML,F8-DDA-true,Metadata XML,metadata,987417811,22927440,0.9196044979617,0.021352842450141907,43.06707643766596,2.321959331154905
Full8,QC_E4806_240709_DDA_293T_200ng_120min_R1.true_uncompressed.mzML,F8-DDA-true,Auxiliary,auxiliary,16005666,3167924,0.014906438067555428,0.002950359135866165,5.052414767525988,19.792515975280253
Full8,QC_E4806_240709_DDA_293T_200ng_120min_R1.true_uncompressed.mzML,F8-DDA-true,MS1 full m/z sidecar,ms1_full_mz,696401772,109147626,0.6485746912658215,0.10165164805948734,6.380365725957247,15.67308275028341
Full8,QC_E4806_240709_DDA_293T_200ng_120min_R1.true_uncompressed.mzML,F8-DDA-true,MS1 orphan intensity sidecar,ms1_orphan_intensity,0,564,0.0,5.252659320831299e-07,,
Full8,QC_E4802_240703_DIA_293T_500ng_90min_R1.mzML,F8-E4802,MS1 core,ms1,1364367632,154771734,1.2706663757562637,0.144142409786582,8.815354049079788,11.343843870960434
Full8,QC_E4802_240703_DIA_293T_500ng_90min_R1.mzML,F8-E4802,MS2 core,ms2,1809329984,527836799,1.6850698590278625,0.49158632662147284,3.4278208480875545,29.173053211281996
Full8,QC_E4802_240703_DIA_293T_500ng_90min_R1.mzML,F8-E4802,Metadata XML,metadata,487713635,7365006,0.45421871822327375,0.006859196349978447,66.22039887000771,1.5101086931883707
Full8,QC_E4802_240703_DIA_293T_500ng_90min_R1.mzML,F8-E4802,Auxiliary,auxiliary,3039492,2155152,0.00283074751496315,0.0020071417093276978,1.4103376467181896,70.90500649450632
Full8,QC_E4802_240703_DIA_293T_500ng_90min_R1.mzML,F8-E4802,MS1 full m/z sidecar,ms1_full_mz,341116180,55407651,0.317689199000597,0.05160239618271589,6.156481529960546,16.2430439388715
Full8,QC_E4802_240703_DIA_293T_500ng_90min_R1.mzML,F8-E4802,MS1 orphan intensity sidecar,ms1_orphan_intensity,0,564,0.0,5.252659320831299e-07,,
Full8,QC_E4802_240703_DDA_293T_500ng_60min_R1.true_uncompressed.mzML,F8-E4802,MS1 core,ms1,2250251840,235474264,2.095710337162018,0.2193024978041649,9.556253841821118,10.464351581199018
Full8,QC_E4802_240703_DDA_293T_500ng_60min_R1.true_uncompressed.mzML,F8-E4802,MS2 core,ms2,488852112,157784389,0.45527900755405426,0.1469481633976102,3.0982286340127096,32.2765075831359
Full8,QC_E4802_240703_DDA_293T_500ng_60min_R1.true_uncompressed.mzML,F8-E4802,Metadata XML,metadata,547848472,12883067,0.5102236494421959,0.011998291127383709,42.524693227164,2.351574871235563
Full8,QC_E4802_240703_DDA_293T_500ng_60min_R1.true_uncompressed.mzML,F8-E4802,Auxiliary,auxiliary,7767575,1707557,0.0072341179475188255,0.0015902863815426826,4.5489403867630775,21.983141456632218
Full8,QC_E4802_240703_DDA_293T_500ng_60min_R1.true_uncompressed.mzML,F8-E4802,MS1 full m/z sidecar,ms1_full_mz,562652328,85164981,0.5240108147263527,0.07931606937199831,6.606616022141777,15.13634206450844
Full8,QC_E4802_240703_DDA_293T_500ng_60min_R1.true_uncompressed.mzML,F8-E4802,MS1 orphan intensity sidecar,ms1_orphan_intensity,0,564,0.0,5.252659320831299e-07,,
Full8,QC_E4802_240511_DIA_293T_500ng_60min_26w_R1.true_uncompressed.mzML,F8-E4802,MS1 core,ms1,1038230544,119109555,0.9669275432825089,0.11092941742390394,8.716601652990812,11.472360901761332
Full8,QC_E4802_240511_DIA_293T_500ng_60min_26w_R1.true_uncompressed.mzML,F8-E4802,MS2 core,ms2,1229374240,367353567,1.1449439823627472,0.3421246698126197,3.3465694917289315,29.881345732443528
Full8,QC_E4802_240511_DIA_293T_500ng_60min_26w_R1.true_uncompressed.mzML,F8-E4802,Metadata XML,metadata,342707974,4962339,0.31917167268693447,0.004621538333594799,69.06178195403417,1.4479788556072524
Full8,QC_E4802_240511_DIA_293T_500ng_60min_26w_R1.true_uncompressed.mzML,F8-E4802,Auxiliary,auxiliary,6759009,1411750,0.006294817663729191,0.0013147946447134018,4.787681246679653,20.88693771527749
Full8,QC_E4802_240511_DIA_293T_500ng_60min_26w_R1.true_uncompressed.mzML,F8-E4802,MS1 full m/z sidecar,ms1_full_mz,259577636,42289562,0.24175051227211952,0.039385223761200905,6.138101785022035,16.291681614667297
Full8,QC_E4802_240511_DIA_293T_500ng_60min_26w_R1.true_uncompressed.mzML,F8-E4802,MS1 orphan intensity sidecar,ms1_orphan_intensity,0,564,0.0,5.252659320831299e-07,,
Full8,QC_E4802_240508_DIA_293T_500ng_60min_26w_R3.true_uncompressed.mzML,F8-E4802,MS1 core,ms1,1019859472,116853347,0.9498181492090225,0.1088281599804759,8.727687295084497,11.457789059000865
Full8,QC_E4802_240508_DIA_293T_500ng_60min_26w_R3.true_uncompressed.mzML,F8-E4802,MS2 core,ms2,1230462048,367219975,1.1459570825099945,0.34200025256723166,3.350749228715023,29.84407163121215
Full8,QC_E4802_240508_DIA_293T_500ng_60min_26w_R3.true_uncompressed.mzML,F8-E4802,Metadata XML,metadata,342737629,4970820,0.3191992910578847,0.004629436880350113,68.94991751863877,1.4503280583761056
Full8,QC_E4802_240508_DIA_293T_500ng_60min_26w_R3.true_uncompressed.mzML,F8-E4802,Auxiliary,auxiliary,6769701,1414614,0.0063047753646969795,0.0013174619525671005,4.785546445885592,20.89625524081492
Full8,QC_E4802_240508_DIA_293T_500ng_60min_26w_R3.true_uncompressed.mzML,F8-E4802,MS1 full m/z sidecar,ms1_full_mz,254984868,41522987,0.23747316375374794,0.038671295158565044,6.140812268635684,16.284490654559157
Full8,QC_E4802_240508_DIA_293T_500ng_60min_26w_R3.true_uncompressed.mzML,F8-E4802,MS1 orphan intensity sidecar,ms1_orphan_intensity,0,564,0.0,5.252659320831299e-07,,
Full8,QC_E4804_240320_DDA_293T_500ng_120min_R1.mzML,F8-E4804-R1,MS1 core,ms1,2342230880,253284947,2.181372493505478,0.23588998895138502,9.247414454519479,10.813833476569995
Full8,QC_E4804_240320_DDA_293T_500ng_120min_R1.mzML,F8-E4804-R1,MS2 core,ms2,633174608,203296267,0.5896898061037064,0.18933440279215574,3.114541242412484,32.107457316102604
Full8,QC_E4804_240320_DDA_293T_500ng_120min_R1.mzML,F8-E4804-R1,Metadata XML,metadata,1080484352,25669935,1.006279468536377,0.023906989954411983,42.09143311036822,2.3757803574373284
Full8,QC_E4804_240320_DDA_293T_500ng_120min_R1.mzML,F8-E4804-R1,Auxiliary,auxiliary,4478655,3228299,0.004171072505414486,0.0030065877363085747,1.3873110885949536,72.08188619127841
Full8,QC_E4804_240320_DDA_293T_500ng_120min_R1.mzML,F8-E4804-R1,MS1 full m/z sidecar,ms1_full_mz,585633208,100639520,0.545413427054882,0.09372785687446594,5.81911765874877,17.184735876521536
Full8,QC_E4804_240320_DDA_293T_500ng_120min_R1.mzML,F8-E4804-R1,MS1 orphan intensity sidecar,ms1_orphan_intensity,0,564,0.0,5.252659320831299e-07,,
Full8,QC_E4804_240320_DIA_293T_500ng_120min_R1.true_uncompressed.mzML,F8-E4804-R1,MS1 core,ms1,1363665616,152127920,1.2700125724077225,0.14168016612529755,8.963940452219422,11.155808155245001
Full8,QC_E4804_240320_DIA_293T_500ng_120min_R1.true_uncompressed.mzML,F8-E4804-R1,MS2 core,ms2,1998748336,569724464,1.8614794462919235,0.5305972546339035,3.5082719144038723,28.504061954100855
Full8,QC_E4804_240320_DIA_293T_500ng_120min_R1.true_uncompressed.mzML,F8-E4804-R1,Metadata XML,metadata,544157898,7773827,0.506786534562707,0.0072399405762553215,69.99871466138879,1.4285976604533268
Full8,QC_E4804_240320_DIA_293T_500ng_120min_R1.true_uncompressed.mzML,F8-E4804-R1,Auxiliary,auxiliary,10374887,2174935,0.009662366472184658,0.0020255660638213158,4.77020554637265,20.963457240546333
Full8,QC_E4804_240320_DIA_293T_500ng_120min_R1.true_uncompressed.mzML,F8-E4804-R1,MS1 full m/z sidecar,ms1_full_mz,340939668,56081499,0.3175248093903065,0.052229966036975384,6.079360824502926,16.449097674372112
Full8,QC_E4804_240320_DIA_293T_500ng_120min_R1.true_uncompressed.mzML,F8-E4804-R1,MS1 orphan intensity sidecar,ms1_orphan_intensity,0,564,0.0,5.252659320831299e-07,,
Full8,QC_E4804_240403_DDA_293T_500ng_120min_R2.mzML,F8-E4804-R2,MS1 core,ms1,2605619008,275287279,2.426671802997589,0.25638125743716955,9.46509049551832,10.565139345191636
Full8,QC_E4804_240403_DDA_293T_500ng_120min_R2.mzML,F8-E4804-R2,MS2 core,ms2,583867376,187642329,0.5437688678503036,0.17475553695112467,3.1115973624480007,32.13783415773516
Full8,QC_E4804_240403_DDA_293T_500ng_120min_R2.mzML,F8-E4804-R2,Metadata XML,metadata,1077114040,25458237,1.0031406208872795,0.023709830828011036,42.30905855735415,2.3635600367812493
Full8,QC_E4804_240403_DDA_293T_500ng_120min_R2.mzML,F8-E4804-R2,Auxiliary,auxiliary,4597655,3311717,0.004281899891793728,0.0030842768028378487,1.3882994833193778,72.03056775682386
Full8,QC_E4804_240403_DDA_293T_500ng_120min_R2.mzML,F8-E4804-R2,MS1 full m/z sidecar,ms1_full_mz,651478424,110449533,0.6067365631461143,0.10286414343863726,5.898426243232735,16.95367473904247
Full8,QC_E4804_240403_DDA_293T_500ng_120min_R2.mzML,F8-E4804-R2,MS1 orphan intensity sidecar,ms1_orphan_intensity,0,564,0.0,5.252659320831299e-07,,
Full8,QC_E4804_240320_DDA_293T_500ng_120min_R1_centroided.mzML,F8-E4804-cent,MS1 core,ms1,129414272,27112310,0.12052643299102783,0.025250306352972984,4.773266165811766,20.950015466609432
Full8,QC_E4804_240320_DDA_293T_500ng_120min_R1_centroided.mzML,F8-E4804-cent,MS2 core,ms2,633174608,203296267,0.5896898061037064,0.18933440279215574,3.114541242412484,32.107457316102604
Full8,QC_E4804_240320_DDA_293T_500ng_120min_R1_centroided.mzML,F8-E4804-cent,Metadata XML,metadata,964188631,25678316,0.8979706382378936,0.023914795368909836,37.54874856279516,2.6632046027516374
Full8,QC_E4804_240320_DDA_293T_500ng_120min_R1_centroided.mzML,F8-E4804-cent,Auxiliary,auxiliary,99915,49743,9.305309504270554e-05,4.632677882909775e-05,2.0086243290513237,49.78531751989191
Full8,QC_E4804_240320_DDA_293T_500ng_120min_R1_centroided.mzML,F8-E4804-cent,MS1 full m/z sidecar,ms1_full_mz,32429056,24133922,0.03020191192626953,0.02247646637260914,1.343712638169627,74.4206738549528
Full8,QC_E4804_240320_DDA_293T_500ng_120min_R1_centroided.mzML,F8-E4804-cent,MS1 orphan intensity sidecar,ms1_orphan_intensity,0,564,0.0,5.252659320831299e-07,,
Full8,QC_E4805_240709_DIA_293T_200ng_60min_R1.mzML,F8-E4805-DIA,MS1 core,ms1,1301088256,126643646,1.2117328643798828,0.11794608645141125,10.273616538171998,9.733670672683406
Full8,QC_E4805_240709_DIA_293T_200ng_60min_R1.mzML,F8-E4805-DIA,MS2 core,ms2,697128096,190351719,0.6492511332035065,0.1772788530215621,3.6623157366916135,27.30512800907109
Full8,QC_E4805_240709_DIA_293T_200ng_60min_R1.mzML,F8-E4805-DIA,Metadata XML,metadata,274789310,3857912,0.25591748766601086,0.00359296053647995,71.2274696778983,1.4039527229061421
Full8,QC_E4805_240709_DIA_293T_200ng_60min_R1.mzML,F8-E4805-DIA,Auxiliary,auxiliary,3013291,1920727,0.00280634593218565,0.0017888164147734642,1.568828365509518,63.74183575366601
Full8,QC_E4805_240709_DIA_293T_200ng_60min_R1.mzML,F8-E4805-DIA,MS1 full m/z sidecar,ms1_full_mz,325291856,49019397,0.3029516488313675,0.045652871020138264,6.635982405087521,15.06935882218951
Full8,QC_E4805_240709_DIA_293T_200ng_60min_R1.mzML,F8-E4805-DIA,MS1 orphan intensity sidecar,ms1_orphan_intensity,0,564,0.0,5.252659320831299e-07,,
Full8,QC_E4805_240328_DDA_293T_1ug_60min_NewCol_R2.mzML,F8-E4805-R2,MS1 core,ms1,1291915392,145533060,1.2031899690628052,0.1355382241308689,8.877126558048047,11.264906425079577
Full8,QC_E4805_240328_DDA_293T_1ug_60min_NewCol_R2.mzML,F8-E4805-R2,MS2 core,ms2,658583360,209589264,0.6133535504341125,0.19519521296024323,3.142257133934112,31.8242574485939
Full8,QC_E4805_240328_DDA_293T_1ug_60min_NewCol_R2.mzML,F8-E4805-R2,Metadata XML,metadata,546854824,13112043,0.5092982426285744,0.012211541645228863,41.70630190886348,2.397719179670252
Full8,QC_E4805_240328_DDA_293T_1ug_60min_NewCol_R2.mzML,F8-E4805-R2,Auxiliary,auxiliary,3392324,2240705,0.0031593479216098785,0.002086819149553776,1.513953867198047,66.05221081476887
Full8,QC_E4805_240328_DDA_293T_1ug_60min_NewCol_R2.mzML,F8-E4805-R2,MS1 full m/z sidecar,ms1_full_mz,323014984,51457713,0.3008311465382576,0.04792372975498438,6.277289937079015,15.930441480696139
Full8,QC_E4805_240328_DDA_293T_1ug_60min_NewCol_R2.mzML,F8-E4805-R2,MS1 orphan intensity sidecar,ms1_orphan_intensity,0,564,0.0,5.252659320831299e-07,,
Full8,QC_E4805_240328_DDA_293T_1ug_60min_NewCol_R1.true_uncompressed.mzML,F8-E4805-R2,MS1 core,ms1,1349954240,149638828,1.2572428584098816,0.13936201855540276,9.021416821040592,11.084733361036001
Full8,QC_E4805_240328_DDA_293T_1ug_60min_NewCol_R1.true_uncompressed.mzML,F8-E4805-R2,MS2 core,ms2,660851360,204147679,0.6154657900333405,0.19012734200805426,3.237124042933645,30.89161819989294
Full8,QC_E4805_240328_DDA_293T_1ug_60min_NewCol_R1.true_uncompressed.mzML,F8-E4805-R2,Metadata XML,metadata,514956955,12191998,0.4795910371467471,0.011354682967066765,42.23728998315124,2.3675761404174063
Full8,QC_E4805_240328_DDA_293T_1ug_60min_NewCol_R1.true_uncompressed.mzML,F8-E4805-R2,Auxiliary,auxiliary,9675889,1908462,0.009011373855173588,0.0017773937433958054,5.069993010078273,19.72389307070389
Full8,QC_E4805_240328_DDA_293T_1ug_60min_NewCol_R1.true_uncompressed.mzML,F8-E4805-R2,MS1 full m/z sidecar,ms1_full_mz,337525848,53157252,0.31434544175863266,0.049506548792123795,6.349572923747074,15.749090718527725
Full8,QC_E4805_240328_DDA_293T_1ug_60min_NewCol_R1.true_uncompressed.mzML,F8-E4805-R2,MS1 orphan intensity sidecar,ms1_orphan_intensity,0,564,0.0,5.252659320831299e-07,,
Full8,01625b_GA1-TUM_first_pool_1_01_01-ETD-1h-R2.uncompressed.mzML,F8-ETD,MS1 core,ms1,977311088,77416465,0.9101918786764145,0.07209970150142908,12.624072773149743,7.921373854299298
Full8,01625b_GA1-TUM_first_pool_1_01_01-ETD-1h-R2.uncompressed.mzML,F8-ETD,MS2 core,ms2,15282368,5548012,0.014232814311981201,0.00516698881983757,2.754566500577144,36.303352988228006
Full8,01625b_GA1-TUM_first_pool_1_01_01-ETD-1h-R2.uncompressed.mzML,F8-ETD,Metadata XML,metadata,72253665,1199748,0.06729146931320429,0.0011173523962497711,60.224034547254924,1.6604666351526944
Full8,01625b_GA1-TUM_first_pool_1_01_01-ETD-1h-R2.uncompressed.mzML,F8-ETD,Auxiliary,auxiliary,196325,147442,0.00018284190446138382,0.00013731606304645538,1.3315405379742542,75.10098051699987
Full8,01625b_GA1-TUM_first_pool_1_01_01-ETD-1h-R2.uncompressed.mzML,F8-ETD,MS1 full m/z sidecar,ms1_full_mz,244346196,37783903,0.22756512835621834,0.0351890018209815,6.466939003098753,15.463266307612173
Full8,01625b_GA1-TUM_first_pool_1_01_01-ETD-1h-R2.uncompressed.mzML,F8-ETD,MS1 orphan intensity sidecar,ms1_orphan_intensity,0,564,0.0,5.252659320831299e-07,,
