dataset,dataset_key,file,label,section,raw_bytes,compressed_bytes,core_compressed_bytes,sidecar_compressed_bytes,raw_gib,compressed_gib,core_compressed_gib,sidecar_compressed_gib,compression_ratio,core_only_compression_ratio,compression_rate_pct,compression_scope,encode_time_s,stats_json
Data_StackZDPD,data_stackzdpd,File13_SA1.uncompressed.mzML,SZ-File13,MS1,2835103104,323473053,235179225,88293828,2.6403955221176147,0.30125775653868914,0.2190277213230729,0.08223003521561623,8.764572744796766,12.055074609587646,11.409569286690747,MS1 core + full m/z sidecar + orphan intensity sidecar,1515.012221699988,<MSCODEC_ROOT>\benchmark\compression_benchmark_runs\data_stackzdpd_lt20g_all_methods_w5_size_desc_20260521\File13_SA1.uncompressed_c225b0d5\trackcodec\File13_SA1.uncompressed.stats.json
Data_StackZDPD,data_stackzdpd,File13_SA1.uncompressed.mzML,SZ-File13,MS2,0,535,535,0,0.0,4.98257577419281e-07,4.98257577419281e-07,0.0,,,,section core,0.006410399975720793,<MSCODEC_ROOT>\benchmark\compression_benchmark_runs\data_stackzdpd_lt20g_all_methods_w5_size_desc_20260521\File13_SA1.uncompressed_c225b0d5\trackcodec\File13_SA1.uncompressed.stats.json
Data_StackZDPD,data_stackzdpd,File14_LFQ_Orbitrap_AIF_Human_01.uncompressed.mzML,SZ-File14,MS1,46457008,17053185,9548639,7504546,0.04326646029949188,0.01588201615959406,0.008892863057553768,0.006989153102040291,2.724242304296822,4.865301536690203,36.707454341441874,MS1 core + full m/z sidecar + orphan intensity sidecar,32.549695699999575,<MSCODEC_ROOT>\benchmark\compression_benchmark_runs\data_stackzdpd_lt20g_all_methods_w5_size_desc_20260521\File14_LFQ_Orbitrap_AIF_Human_01.uncompressed_c0adc53a\trackcodec\File14_LFQ_Orbitrap_AIF_Human_01.uncompressed.stats.json
Data_StackZDPD,data_stackzdpd,File14_LFQ_Orbitrap_AIF_Human_01.uncompressed.mzML,SZ-File14,MS2,1144597296,352397847,352397847,0,1.065989300608635,0.3281960701569915,0.3281960701569915,0.0,3.2480257917126263,3.2480257917126263,30.787932859138955,section core,1159.3642220000038,<MSCODEC_ROOT>\benchmark\compression_benchmark_runs\data_stackzdpd_lt20g_all_methods_w5_size_desc_20260521\File14_LFQ_Orbitrap_AIF_Human_01.uncompressed_c0adc53a\trackcodec\File14_LFQ_Orbitrap_AIF_Human_01.uncompressed.stats.json
Data_StackZDPD,data_stackzdpd,File15_LFQ_Orbitrap_DDA_Human_01.uncompressed.mzML,SZ-File15,MS1,8533018224,1209038621,882466919,326571702,7.946992501616478,1.1260049613192677,0.8218613630160689,0.3041435983031988,7.057688708853909,9.66950493018991,14.168944554688204,MS1 core + full m/z sidecar + orphan intensity sidecar,4533.174579700048,<MSCODEC_ROOT>\benchmark\compression_benchmark_runs\data_stackzdpd_lt20g_all_methods_w5_size_desc_20260521\File15_LFQ_Orbitrap_DDA_Human_01.uncompressed_6c6474f4\trackcodec\File15_LFQ_Orbitrap_DDA_Human_01.uncompressed.stats.json
Data_StackZDPD,data_stackzdpd,File15_LFQ_Orbitrap_DDA_Human_01.uncompressed.mzML,SZ-File15,MS2,4499196752,738724896,738724896,0,4.190203502774239,0.6879911720752716,0.6879911720752716,0.0,6.090490216807313,6.090490216807313,16.41903959126969,section core,6938.236583599995,<MSCODEC_ROOT>\benchmark\compression_benchmark_runs\data_stackzdpd_lt20g_all_methods_w5_size_desc_20260521\File15_LFQ_Orbitrap_DDA_Human_01.uncompressed_6c6474f4\trackcodec\File15_LFQ_Orbitrap_DDA_Human_01.uncompressed.stats.json
Data_StackZDPD,data_stackzdpd,File16_LFQ_TTOF5600_DDA_Human_01.uncompressed.mzML,SZ-File16,MS1,2935850192,239628662,137242360,102386302,2.734223559498787,0.22317158244550228,0.12781690806150436,0.09535467438399792,12.25166542055808,21.391720398862276,8.162155639036776,MS1 core + full m/z sidecar + orphan intensity sidecar,6371.589662000013,<MSCODEC_ROOT>\benchmark\compression_benchmark_runs\data_stackzdpd_lt20g_all_methods_w5_size_desc_20260521\File16_LFQ_TTOF5600_DDA_Human_01.uncompressed_4ed616f1\trackcodec\File16_LFQ_TTOF5600_DDA_Human_01.uncompressed.stats.json
Data_StackZDPD,data_stackzdpd,File16_LFQ_TTOF5600_DDA_Human_01.uncompressed.mzML,SZ-File16,MS2,5190057744,446166925,446166925,0,4.833617940545082,0.4155253292992711,0.4155253292992711,0.0,11.632547042791215,11.632547042791215,8.596569576047477,section core,8646.49846120004,<MSCODEC_ROOT>\benchmark\compression_benchmark_runs\data_stackzdpd_lt20g_all_methods_w5_size_desc_20260521\File16_LFQ_TTOF5600_DDA_Human_01.uncompressed_4ed616f1\trackcodec\File16_LFQ_TTOF5600_DDA_Human_01.uncompressed.stats.json
Data_StackZDPD,data_stackzdpd,File18_LFQ_TTOF6600_DDA_Human_01.uncompressed.mzML,SZ-File18,MS1,4635222464,529777082,342070529,187706553,4.316887319087982,0.4933933559805155,0.3185780057683587,0.17481535021215677,8.749382752649916,13.550487607191673,11.42937768606741,MS1 core + full m/z sidecar + orphan intensity sidecar,9135.054683600029,<MSCODEC_ROOT>\benchmark\compression_benchmark_runs\data_stackzdpd_lt20g_all_methods_w5_size_desc_20260521\File18_LFQ_TTOF6600_DDA_Human_01.uncompressed_9db0df7a\trackcodec\File18_LFQ_TTOF6600_DDA_Human_01.uncompressed.stats.json
Data_StackZDPD,data_stackzdpd,File18_LFQ_TTOF6600_DDA_Human_01.uncompressed.mzML,SZ-File18,MS2,12905715472,1199422909,1199422909,0,12.019384160637856,1.1170496316626668,1.1170496316626668,0.0,10.75993744588382,10.75993744588382,9.29373432726179,section core,15118.190297199995,<MSCODEC_ROOT>\benchmark\compression_benchmark_runs\data_stackzdpd_lt20g_all_methods_w5_size_desc_20260521\File18_LFQ_TTOF6600_DDA_Human_01.uncompressed_9db0df7a\trackcodec\File18_LFQ_TTOF6600_DDA_Human_01.uncompressed.stats.json
Data_StackZDPD,data_stackzdpd,File2_20180722_L929_test_DDA_1.uncompressed.mzML,SZ-File2,MS1,5783550864,479558562,156175384,323383178,5.386351481080055,0.4466237146407366,0.145449660718441,0.30117405392229557,12.060155572824494,37.03241007558528,8.29176700052966,MS1 core + full m/z sidecar + orphan intensity sidecar,6253.160845700011,<MSCODEC_ROOT>\benchmark\compression_benchmark_runs\data_stackzdpd_lt20g_all_methods_w5_size_desc_20260521\File2_20180722_L929_test_DDA_1.uncompressed_d6fab1af\trackcodec\File2_20180722_L929_test_DDA_1.uncompressed.stats.json
Data_StackZDPD,data_stackzdpd,File2_20180722_L929_test_DDA_1.uncompressed.mzML,SZ-File2,MS2,4128589616,413213647,413213647,0,3.84504871070385,0.3848351975902915,0.3848351975902915,0.0,9.991416416118513,9.991416416118513,10.008590958002351,section core,6640.00509749999,<MSCODEC_ROOT>\benchmark\compression_benchmark_runs\data_stackzdpd_lt20g_all_methods_w5_size_desc_20260521\File2_20180722_L929_test_DDA_1.uncompressed_d6fab1af\trackcodec\File2_20180722_L929_test_DDA_1.uncompressed.stats.json
Data_StackZDPD,data_stackzdpd,File3_QE-HFX-20190719_50cm_60min_OFe4_2.uncompressed.mzML,SZ-File3,MS1,800595872,123537528,89403086,34134442,0.7456130087375641,0.11505328863859177,0.08326311223208904,0.031790176406502724,6.480588408730341,8.954901981795125,15.43069759920021,MS1 core + full m/z sidecar + orphan intensity sidecar,443.7274992999737,<MSCODEC_ROOT>\benchmark\compression_benchmark_runs\data_stackzdpd_lt20g_all_methods_w5_size_desc_20260521\File3_QE-HFX-20190719_50cm_60min_OFe4_2.uncompressed_b29d815b\trackcodec\File3_QE-HFX-20190719_50cm_60min_OFe4_2.uncompressed.stats.json
Data_StackZDPD,data_stackzdpd,File3_QE-HFX-20190719_50cm_60min_OFe4_2.uncompressed.mzML,SZ-File3,MS2,596502768,176250137,176250137,0,0.5555364936590195,0.1641457313671708,0.1641457313671708,0.0,3.384410237366227,3.384410237366227,29.547245453855126,section core,588.5222534000059,<MSCODEC_ROOT>\benchmark\compression_benchmark_runs\data_stackzdpd_lt20g_all_methods_w5_size_desc_20260521\File3_QE-HFX-20190719_50cm_60min_OFe4_2.uncompressed_b29d815b\trackcodec\File3_QE-HFX-20190719_50cm_60min_OFe4_2.uncompressed.stats.json
Data_StackZDPD,data_stackzdpd,File4_QE-HFX-20190719_50cm_60min_Fr1.uncompressed.mzML,SZ-File4,MS1,1672192240,240184890,174922025,65262865,1.5573503822088242,0.2236896101385355,0.1629088306799531,0.0607807794585824,6.962104235616154,9.559643732686036,14.363473544166188,MS1 core + full m/z sidecar + orphan intensity sidecar,783.4445759000373,<MSCODEC_ROOT>\benchmark\compression_benchmark_runs\data_stackzdpd_lt20g_all_methods_w5_size_desc_20260521\File4_QE-HFX-20190719_50cm_60min_Fr1.uncompressed_4d85e18f\trackcodec\File4_QE-HFX-20190719_50cm_60min_Fr1.uncompressed.stats.json
Data_StackZDPD,data_stackzdpd,File4_QE-HFX-20190719_50cm_60min_Fr1.uncompressed.mzML,SZ-File4,MS2,167258176,53996377,53996377,0,0.15577131509780884,0.05028804484754801,0.05028804484754801,0.0,3.097581454400172,3.097581454400172,32.28325113386386,section core,165.6500258000451,<MSCODEC_ROOT>\benchmark\compression_benchmark_runs\data_stackzdpd_lt20g_all_methods_w5_size_desc_20260521\File4_QE-HFX-20190719_50cm_60min_Fr1.uncompressed_4d85e18f\trackcodec\File4_QE-HFX-20190719_50cm_60min_Fr1.uncompressed.stats.json
Data_StackZDPD,data_stackzdpd,File5_S8184TPST_01.uncompressed.mzML,SZ-File5,MS1,1796967456,257572785,185276940,72295845,1.6735563576221466,0.2398833492770791,0.17255259677767754,0.06733075249940157,6.976542401403161,9.698818730490691,14.333747900663148,MS1 core + full m/z sidecar + orphan intensity sidecar,1062.5936557999812,<MSCODEC_ROOT>\benchmark\compression_benchmark_runs\data_stackzdpd_lt20g_all_methods_w5_size_desc_20260521\File5_S8184TPST_01.uncompressed_ef4db9a0\trackcodec\File5_S8184TPST_01.uncompressed.stats.json
Data_StackZDPD,data_stackzdpd,File5_S8184TPST_01.uncompressed.mzML,SZ-File5,MS2,531217136,87919624,87919624,0,0.4947345107793808,0.08188153058290482,0.08188153058290482,0.0,6.042076977035298,6.042076977035298,16.55060012973678,section core,849.0521512000123,<MSCODEC_ROOT>\benchmark\compression_benchmark_runs\data_stackzdpd_lt20g_all_methods_w5_size_desc_20260521\File5_S8184TPST_01.uncompressed_ef4db9a0\trackcodec\File5_S8184TPST_01.uncompressed.stats.json
Data_StackZDPD,data_stackzdpd,File6_Negative_000333.uncompressed.mzML,SZ-File6,MS1,521787216,61279774,42223277,19056497,0.4859522134065628,0.05707123689353466,0.03932349104434252,0.017747745849192142,8.514835841267953,12.357809556089169,11.744207623515253,MS1 core + full m/z sidecar + orphan intensity sidecar,273.71728140005143,<MSCODEC_ROOT>\benchmark\compression_benchmark_runs\data_stackzdpd_lt20g_all_methods_w5_size_desc_20260521\File6_Negative_000333.uncompressed_1162bb72\trackcodec\File6_Negative_000333.uncompressed.stats.json
Data_StackZDPD,data_stackzdpd,File6_Negative_000333.uncompressed.mzML,SZ-File6,MS2,122260464,17644910,17644910,0,0.11386393010616302,0.016433103010058403,0.016433103010058403,0.0,6.928936673522279,6.928936673522279,14.43222888471943,section core,234.6091891999822,<MSCODEC_ROOT>\benchmark\compression_benchmark_runs\data_stackzdpd_lt20g_all_methods_w5_size_desc_20260521\File6_Negative_000333.uncompressed_1162bb72\trackcodec\File6_Negative_000333.uncompressed.stats.json
Data_StackZDPD,data_stackzdpd,LFQ_Orbitrap_AIF_Human_01.uncompressed.mzML,SZ-LFQ_Orbitrap_AIF_H,MS1,46457008,17053185,9548639,7504546,0.04326646029949188,0.01588201615959406,0.008892863057553768,0.006989153102040291,2.724242304296822,4.865301536690203,36.707454341441874,MS1 core + full m/z sidecar + orphan intensity sidecar,32.885523900040425,<MSCODEC_ROOT>\benchmark\compression_benchmark_runs\data_stackzdpd_lfq_aif_01_02_all_methods_w2_20260526\LFQ_Orbitrap_AIF_Human_01.uncompressed_18afeca8\trackcodec\LFQ_Orbitrap_AIF_Human_01.uncompressed.stats.json
Data_StackZDPD,data_stackzdpd,LFQ_Orbitrap_AIF_Human_01.uncompressed.mzML,SZ-LFQ_Orbitrap_AIF_H,MS2,1144597296,352397847,352397847,0,1.065989300608635,0.3281960701569915,0.3281960701569915,0.0,3.2480257917126263,3.2480257917126263,30.787932859138955,section core,1092.7913286000257,<MSCODEC_ROOT>\benchmark\compression_benchmark_runs\data_stackzdpd_lfq_aif_01_02_all_methods_w2_20260526\LFQ_Orbitrap_AIF_Human_01.uncompressed_18afeca8\trackcodec\LFQ_Orbitrap_AIF_Human_01.uncompressed.stats.json
Data_StackZDPD,data_stackzdpd,LFQ_Orbitrap_AIF_Human_02.uncompressed.mzML,SZ-LFQ_Orbitrap_AIF_H,MS1,46934896,17165961,9596880,7569081,0.043711528182029724,0.015987046994268894,0.008937790989875793,0.007049256004393101,2.734184005194932,4.890641125032302,36.573983246921436,MS1 core + full m/z sidecar + orphan intensity sidecar,31.270486299996264,<MSCODEC_ROOT>\benchmark\compression_benchmark_runs\data_stackzdpd_lfq_aif_01_02_all_methods_w2_20260526\LFQ_Orbitrap_AIF_Human_02.uncompressed_6b9e2e54\trackcodec\LFQ_Orbitrap_AIF_Human_02.uncompressed.stats.json
Data_StackZDPD,data_stackzdpd,LFQ_Orbitrap_AIF_Human_02.uncompressed.mzML,SZ-LFQ_Orbitrap_AIF_H,MS2,1051028320,324274386,324274386,0,0.978846400976181,0.3020040560513735,0.3020040560513735,0.0,3.2411697173023097,3.2411697173023097,30.853058840507742,section core,1021.2598899999866,<MSCODEC_ROOT>\benchmark\compression_benchmark_runs\data_stackzdpd_lfq_aif_01_02_all_methods_w2_20260526\LFQ_Orbitrap_AIF_Human_02.uncompressed_6b9e2e54\trackcodec\LFQ_Orbitrap_AIF_Human_02.uncompressed.stats.json
Data_StackZDPD,data_stackzdpd,Set 1_F2.uncompressed.mzML,SZ-Set_1_F2,MS1,118460528,35712363,13853783,21858580,0.11032496392726898,0.033259729854762554,0.012902340851724148,0.020357389003038406,3.3170733619615147,8.550771150378203,30.147057085546674,MS1 core + full m/z sidecar + orphan intensity sidecar,110.06338080001296,<MSCODEC_ROOT>\benchmark\compression_benchmark_runs\data_stackzdpd_lt20g_all_methods_w5_size_desc_20260521\Set_1_F2.uncompressed_8d94c383\trackcodec\Set_1_F2.uncompressed.stats.json
Data_StackZDPD,data_stackzdpd,Set 1_F2.uncompressed.mzML,SZ-Set_1_F2,MS2,145593408,40531198,40531198,0,0.1355944275856018,0.037747619673609734,0.037747619673609734,0.0,3.592131868394317,3.592131868394317,27.838621649683482,section core,147.18154560000403,<MSCODEC_ROOT>\benchmark\compression_benchmark_runs\data_stackzdpd_lt20g_all_methods_w5_size_desc_20260521\Set_1_F2.uncompressed_8d94c383\trackcodec\Set_1_F2.uncompressed.stats.json
Full8,full8,01625b_GA1-TUM_first_pool_1_01_01-DDA-1h-R2.true_uncompressed.mzML,F8-DDA-true,MS1,1068674096,130687650,89799525,40888125,0.995280310511589,0.12171235866844654,0.08363232482224703,0.03808003384619951,8.177315117381022,11.900665354298923,12.228952726482106,MS1 core + full m/z sidecar + orphan intensity sidecar,5944.300377200008,<MSCODEC_ROOT>\benchmark\compression_benchmark_runs\full8_except_jc_all_methods_w4_20260520\01625b_GA1-TUM_first_pool_1_01_01-DDA-1h-R2.true_uncompressed_4f5850e8\trackcodec\01625b_GA1-TUM_first_pool_1_01_01-DDA-1h-R2.true_uncompressed.stats.json
Full8,full8,01625b_GA1-TUM_first_pool_1_01_01-DDA-1h-R2.true_uncompressed.mzML,F8-DDA-true,MS2,298801792,89603435,89603435,0,0.2782808542251587,0.08344970177859068,0.08344970177859068,0.0,3.3347135854780565,3.3347135854780565,29.987582872327618,section core,368.3733839999768,<MSCODEC_ROOT>\benchmark\compression_benchmark_runs\full8_except_jc_all_methods_w4_20260520\01625b_GA1-TUM_first_pool_1_01_01-DDA-1h-R2.true_uncompressed_4f5850e8\trackcodec\01625b_GA1-TUM_first_pool_1_01_01-DDA-1h-R2.true_uncompressed.stats.json
Full8,full8,QC_E4806_240522_DDA_293T_500ng_120min_R1.true_uncompressed.mzML,F8-DDA-true,MS1,4893524336,579032963,419959187,159073776,4.55744968354702,0.5392664698883891,0.3911174712702632,0.14814899861812592,8.451201656372714,11.652380725272716,11.832636832727095,MS1 core + full m/z sidecar + orphan intensity sidecar,3207.5501812000293,<MSCODEC_ROOT>\benchmark\compression_benchmark_runs\full8_new15_all_methods_w8_size_desc_20260523\QC_E4806_240522_DDA_293T_500ng_120min_R1.true_uncompressed_1222119e\trackcodec\QC_E4806_240522_DDA_293T_500ng_120min_R1.true_uncompressed.stats.json
Full8,full8,QC_E4806_240522_DDA_293T_500ng_120min_R1.true_uncompressed.mzML,F8-DDA-true,MS2,13053744,4573316,4573316,0,0.012157246470451355,0.004259232431650162,0.004259232431650162,0.0,2.8543280193190235,2.8543280193190235,35.03451576804325,section core,14.516078599961475,<MSCODEC_ROOT>\benchmark\compression_benchmark_runs\full8_new15_all_methods_w8_size_desc_20260523\QC_E4806_240522_DDA_293T_500ng_120min_R1.true_uncompressed_1222119e\trackcodec\QC_E4806_240522_DDA_293T_500ng_120min_R1.true_uncompressed.stats.json
Full8,full8,QC_E4804_240429_DDA_293T_500ng_120min_R1.true_uncompressed.mzML,F8-DDA-true,MS1,2628432480,394498166,283588422,110909744,2.4479185044765472,0.36740504764020443,0.2641122993081808,0.10329274833202362,6.662724206428884,9.268475988769387,15.008875784399073,MS1 core + full m/z sidecar + orphan intensity sidecar,1762.4339274000376,<MSCODEC_ROOT>\benchmark\compression_benchmark_runs\full8_new15_all_methods_w8_size_desc_20260523\QC_E4804_240429_DDA_293T_500ng_120min_R1.true_uncompressed_7d97225d\trackcodec\QC_E4804_240429_DDA_293T_500ng_120min_R1.true_uncompressed.stats.json
Full8,full8,QC_E4804_240429_DDA_293T_500ng_120min_R1.true_uncompressed.mzML,F8-DDA-true,MS2,798296720,255848835,255848835,0,0.7434717565774918,0.23827779572457075,0.23827779572457075,0.0,3.1201889975383317,3.1201889975383317,32.04934062612709,section core,1084.7172252999153,<MSCODEC_ROOT>\benchmark\compression_benchmark_runs\full8_new15_all_methods_w8_size_desc_20260523\QC_E4804_240429_DDA_293T_500ng_120min_R1.true_uncompressed_7d97225d\trackcodec\QC_E4804_240429_DDA_293T_500ng_120min_R1.true_uncompressed.stats.json
Full8,full8,QC_E4804_240507_DIA_293T_500ng_120min_R1.true_uncompressed.mzML,F8-DDA-true,MS1,1457178208,228402784,168371374,60031410,1.3571029603481293,0.21271666884422302,0.15680806152522564,0.05590860731899738,6.379861849669924,8.654548415100539,15.674320597580607,MS1 core + full m/z sidecar + orphan intensity sidecar,1116.8658201999497,<MSCODEC_ROOT>\benchmark\compression_benchmark_runs\full8_new15_all_methods_w8_size_desc_20260523\QC_E4804_240507_DIA_293T_500ng_120min_R1.true_uncompressed_62c56043\trackcodec\QC_E4804_240507_DIA_293T_500ng_120min_R1.true_uncompressed.stats.json
Full8,full8,QC_E4804_240507_DIA_293T_500ng_120min_R1.true_uncompressed.mzML,F8-DDA-true,MS2,2415760944,704298166,704298166,0,2.249852702021599,0.6559287812560797,0.6559287812560797,0.0,3.4300258904834346,3.4300258904834346,29.1542988866203,section core,nan,<MSCODEC_ROOT>\benchmark\compression_benchmark_runs\full8_new15_all_methods_w8_size_desc_20260523\QC_E4804_240507_DIA_293T_500ng_120min_R1.true_uncompressed_62c56043\trackcodec\QC_E4804_240507_DIA_293T_500ng_120min_R1.true_uncompressed.stats.json
Full8,full8,QC_E4801_240408_DDA_293T_500ng_120min_R1.true_uncompressed.mzML,F8-DDA-true,MS1,2617702576,378734104,268964060,109770044,2.4379255026578903,0.3527236208319664,0.25049230083823204,0.10223131999373436,6.911716025446707,9.732536666794813,14.468187007659497,MS1 core + full m/z sidecar + orphan intensity sidecar,1795.8347622000147,<MSCODEC_ROOT>\benchmark\compression_benchmark_runs\full8_new15_all_methods_w8_size_desc_20260523\QC_E4801_240408_DDA_293T_500ng_120min_R1.true_uncompressed_63367367\trackcodec\QC_E4801_240408_DDA_293T_500ng_120min_R1.true_uncompressed.stats.json
Full8,full8,QC_E4801_240408_DDA_293T_500ng_120min_R1.true_uncompressed.mzML,F8-DDA-true,MS2,746443632,238215885,238215885,0,0.6951798051595688,0.22185583133250475,0.22185583133250475,0.0,3.1334754691107185,3.1334754691107185,31.91344594389949,section core,997.0945659000427,<MSCODEC_ROOT>\benchmark\compression_benchmark_runs\full8_new15_all_methods_w8_size_desc_20260523\QC_E4801_240408_DDA_293T_500ng_120min_R1.true_uncompressed_63367367\trackcodec\QC_E4801_240408_DDA_293T_500ng_120min_R1.true_uncompressed.stats.json
Full8,full8,QC_E4804_240628_DIA_293T_500ng_120min_R1.true_uncompressed.mzML,F8-DDA-true,MS1,1378115280,210789655,154349068,56440587,1.283469870686531,0.19631316419690847,0.14374877139925957,0.05256439279764891,6.537869612244491,8.928562367477333,15.295502347234697,MS1 core + full m/z sidecar + orphan intensity sidecar,909.7221842000727,<MSCODEC_ROOT>\benchmark\compression_benchmark_runs\full8_new15_all_methods_w8_size_desc_20260523\QC_E4804_240628_DIA_293T_500ng_120min_R1.true_uncompressed_13fdd9ae\trackcodec\QC_E4804_240628_DIA_293T_500ng_120min_R1.true_uncompressed.stats.json
Full8,full8,QC_E4804_240628_DIA_293T_500ng_120min_R1.true_uncompressed.mzML,F8-DDA-true,MS2,2407244304,687426016,687426016,0,2.2419209629297256,0.6402153670787811,0.6402153670787811,0.0,3.5018231023714996,3.5018231023714996,28.556553851129184,section core,nan,<MSCODEC_ROOT>\benchmark\compression_benchmark_runs\full8_new15_all_methods_w8_size_desc_20260523\QC_E4804_240628_DIA_293T_500ng_120min_R1.true_uncompressed_13fdd9ae\trackcodec\QC_E4804_240628_DIA_293T_500ng_120min_R1.true_uncompressed.stats.json
Full8,full8,QC_E4804_240226_DIA_293T_500ng_120min_R1.true_uncompressed.mzML,F8-DDA-true,MS1,1433868080,222965705,164332855,58632850,1.335393711924553,0.20765299443155527,0.1530468976125121,0.05460609681904316,6.430890705815049,8.725388967410078,15.549945501262572,MS1 core + full m/z sidecar + orphan intensity sidecar,914.3184297999833,<MSCODEC_ROOT>\benchmark\compression_benchmark_runs\full8_new15_all_methods_w8_size_desc_20260523\QC_E4804_240226_DIA_293T_500ng_120min_R1.true_uncompressed_4dddd1e8\trackcodec\QC_E4804_240226_DIA_293T_500ng_120min_R1.true_uncompressed.stats.json
Full8,full8,QC_E4804_240226_DIA_293T_500ng_120min_R1.true_uncompressed.mzML,F8-DDA-true,MS2,2318534848,666649964,666649964,0,2.159303843975067,0.6208661608397961,0.6208661608397961,0.0,3.477889407041204,3.477889407041204,28.753070697861688,section core,nan,<MSCODEC_ROOT>\benchmark\compression_benchmark_runs\full8_new15_all_methods_w8_size_desc_20260523\QC_E4804_240226_DIA_293T_500ng_120min_R1.true_uncompressed_4dddd1e8\trackcodec\QC_E4804_240226_DIA_293T_500ng_120min_R1.true_uncompressed.stats.json
Full8,full8,QC_E4805_240426_DDA_293T_500ng_120min_R1.true_uncompressed.mzML,F8-DDA-true,MS1,2431349680,359305273,260989185,98316088,2.26437084376812,0.3346291119232774,0.24306511972099543,0.09156399220228195,6.766807677770985,9.315902036323843,14.77801716287885,MS1 core + full m/z sidecar + orphan intensity sidecar,1291.6955179000506,<MSCODEC_ROOT>\benchmark\compression_benchmark_runs\trackcodec_ms2_high_mz_fix_2files_20260526\QC_E4805_240426_DDA_293T_500ng_120min_R1.true_uncompressed_6c7be506\trackcodec\QC_E4805_240426_DDA_293T_500ng_120min_R1.true_uncompressed.stats.json
Full8,full8,QC_E4805_240426_DDA_293T_500ng_120min_R1.true_uncompressed.mzML,F8-DDA-true,MS2,846367616,261261679,261261679,0,0.7882412672042847,0.2433188995346427,0.2433188995346427,0.0,3.2395398331647405,3.2395398331647405,30.868581696774182,section core,1960.8062573999632,<MSCODEC_ROOT>\benchmark\compression_benchmark_runs\trackcodec_ms2_high_mz_fix_2files_20260526\QC_E4805_240426_DDA_293T_500ng_120min_R1.true_uncompressed_6c7be506\trackcodec\QC_E4805_240426_DDA_293T_500ng_120min_R1.true_uncompressed.stats.json
Full8,full8,QC_E4804_240308_DIA_293T_500ng_120min_R1.true_uncompressed.mzML,F8-DDA-true,MS1,1409555632,218869536,161448844,57420692,1.312750980257988,0.20383813977241516,0.15036095306277275,0.05347718670964241,6.440163659870874,8.730664135322021,15.527555708422014,MS1 core + full m/z sidecar + orphan intensity sidecar,918.0147698000073,<MSCODEC_ROOT>\benchmark\compression_benchmark_runs\full8_new15_all_methods_w8_size_desc_20260523\QC_E4804_240308_DIA_293T_500ng_120min_R1.true_uncompressed_11a909d4\trackcodec\QC_E4804_240308_DIA_293T_500ng_120min_R1.true_uncompressed.stats.json
Full8,full8,QC_E4804_240308_DIA_293T_500ng_120min_R1.true_uncompressed.mzML,F8-DDA-true,MS2,2274240272,653260425,653260425,0,2.118051305413246,0.6083961809054017,0.6083961809054017,0.0,3.481368509350616,3.481368509350616,28.72433634400086,section core,nan,<MSCODEC_ROOT>\benchmark\compression_benchmark_runs\full8_new15_all_methods_w8_size_desc_20260523\QC_E4804_240308_DIA_293T_500ng_120min_R1.true_uncompressed_11a909d4\trackcodec\QC_E4804_240308_DIA_293T_500ng_120min_R1.true_uncompressed.stats.json
Full8,full8,QC_E4805_240416_DDA_293T_500ng_120min_R1.true_uncompressed.mzML,F8-DDA-true,MS1,2388490144,355085075,257212200,97872875,2.224454790353775,0.3306987462565303,0.23954752832651138,0.0911512179300189,6.726529252179918,9.286068639045892,14.866507860289499,MS1 core + full m/z sidecar + orphan intensity sidecar,1371.3949552000267,<MSCODEC_ROOT>\benchmark\compression_benchmark_runs\full8_new15_all_methods_w8_size_desc_20260523\QC_E4805_240416_DDA_293T_500ng_120min_R1.true_uncompressed_2593e929\trackcodec\QC_E4805_240416_DDA_293T_500ng_120min_R1.true_uncompressed.stats.json
Full8,full8,QC_E4805_240416_DDA_293T_500ng_120min_R1.true_uncompressed.mzML,F8-DDA-true,MS2,851911936,271733782,271733782,0,0.7934048175811768,0.2530718054622412,0.2530718054622412,0.0,3.1350976302239815,3.1350976302239815,31.89693329992268,section core,915.8558220999548,<MSCODEC_ROOT>\benchmark\compression_benchmark_runs\full8_new15_all_methods_w8_size_desc_20260523\QC_E4805_240416_DDA_293T_500ng_120min_R1.true_uncompressed_2593e929\trackcodec\QC_E4805_240416_DDA_293T_500ng_120min_R1.true_uncompressed.stats.json
Full8,full8,QC_E4806_240709_DDA_293T_200ng_120min_R1.true_uncompressed.mzML,F8-DDA-true,MS1,2785252112,387906444,278758254,109148190,2.593968167901039,0.36126602813601494,0.2596138548105955,0.10165217332541943,7.180216145107401,9.9916399677263,13.927157341654677,MS1 core + full m/z sidecar + orphan intensity sidecar,1635.058203499997,<MSCODEC_ROOT>\benchmark\compression_benchmark_runs\full8_new15_all_methods_w8_size_desc_20260523\QC_E4806_240709_DDA_293T_200ng_120min_R1.true_uncompressed_1d2f617d\trackcodec\QC_E4806_240709_DDA_293T_200ng_120min_R1.true_uncompressed.stats.json
Full8,full8,QC_E4806_240709_DDA_293T_200ng_120min_R1.true_uncompressed.mzML,F8-DDA-true,MS2,412918096,133562119,133562119,0,0.3845599442720413,0.12438941653817892,0.12438941653817892,0.0,3.091580899521368,3.091580899521368,32.34591079776751,section core,448.08902600000147,<MSCODEC_ROOT>\benchmark\compression_benchmark_runs\full8_new15_all_methods_w8_size_desc_20260523\QC_E4806_240709_DDA_293T_200ng_120min_R1.true_uncompressed_1d2f617d\trackcodec\QC_E4806_240709_DDA_293T_200ng_120min_R1.true_uncompressed.stats.json
Full8,full8,QC_E4802_240703_DIA_293T_500ng_90min_R1.mzML,F8-E4802,MS1,1364367632,210179949,154771734,55408215,1.2706663757562637,0.19574533123522997,0.144142409786582,0.051602921448647976,6.4914262206810225,8.815354049079788,15.40493515606943,MS1 core + full m/z sidecar + orphan intensity sidecar,6633.547696500027,<MSCODEC_ROOT>\benchmark\compression_benchmark_runs\full8_except_jc_all_methods_w4_20260520\QC_E4802_240703_DIA_293T_500ng_90min_R1_6ec19d22\trackcodec\QC_E4802_240703_DIA_293T_500ng_90min_R1.stats.json
Full8,full8,QC_E4802_240703_DIA_293T_500ng_90min_R1.mzML,F8-E4802,MS2,1809329984,527836799,527836799,0,1.6850698590278625,0.49158632662147284,0.49158632662147284,0.0,3.4278208480875545,3.4278208480875545,29.173053211281996,section core,nan,<MSCODEC_ROOT>\benchmark\compression_benchmark_runs\full8_except_jc_all_methods_w4_20260520\QC_E4802_240703_DIA_293T_500ng_90min_R1_6ec19d22\trackcodec\QC_E4802_240703_DIA_293T_500ng_90min_R1.stats.json
Full8,full8,QC_E4802_240703_DDA_293T_500ng_60min_R1.true_uncompressed.mzML,F8-E4802,MS1,2250251840,320639809,235474264,85165545,2.095710337162018,0.2986190924420953,0.2193024978041649,0.0793165946379304,7.018005178514811,9.556253841821118,14.249063295955356,MS1 core + full m/z sidecar + orphan intensity sidecar,1270.6325442000525,<MSCODEC_ROOT>\benchmark\compression_benchmark_runs\full8_new15_all_methods_w8_size_desc_20260523\QC_E4802_240703_DDA_293T_500ng_60min_R1.true_uncompressed_bbf2ca3a\trackcodec\QC_E4802_240703_DDA_293T_500ng_60min_R1.true_uncompressed.stats.json
Full8,full8,QC_E4802_240703_DDA_293T_500ng_60min_R1.true_uncompressed.mzML,F8-E4802,MS2,488852112,157784389,157784389,0,0.45527900755405426,0.1469481633976102,0.1469481633976102,0.0,3.0982286340127096,3.0982286340127096,32.2765075831359,section core,585.3236111999722,<MSCODEC_ROOT>\benchmark\compression_benchmark_runs\full8_new15_all_methods_w8_size_desc_20260523\QC_E4802_240703_DDA_293T_500ng_60min_R1.true_uncompressed_bbf2ca3a\trackcodec\QC_E4802_240703_DDA_293T_500ng_60min_R1.true_uncompressed.stats.json
Full8,full8,QC_E4802_240511_DIA_293T_500ng_60min_26w_R1.true_uncompressed.mzML,F8-E4802,MS1,1038230544,161399681,119109555,42290126,0.9669275432825089,0.15031516645103693,0.11092941742390394,0.03938574902713299,6.432667881171339,8.716601652990812,15.545649464152156,MS1 core + full m/z sidecar + orphan intensity sidecar,617.915687700035,<MSCODEC_ROOT>\benchmark\compression_benchmark_runs\full8_new15_all_methods_w8_size_desc_20260523\QC_E4802_240511_DIA_293T_500ng_60min_26w_R1.true_uncompressed_7f720c3f\trackcodec\QC_E4802_240511_DIA_293T_500ng_60min_26w_R1.true_uncompressed.stats.json
Full8,full8,QC_E4802_240511_DIA_293T_500ng_60min_26w_R1.true_uncompressed.mzML,F8-E4802,MS2,1229374240,367353567,367353567,0,1.1449439823627472,0.3421246698126197,0.3421246698126197,0.0,3.3465694917289315,3.3465694917289315,29.881345732443528,section core,nan,<MSCODEC_ROOT>\benchmark\compression_benchmark_runs\full8_new15_all_methods_w8_size_desc_20260523\QC_E4802_240511_DIA_293T_500ng_60min_26w_R1.true_uncompressed_7f720c3f\trackcodec\QC_E4802_240511_DIA_293T_500ng_60min_26w_R1.true_uncompressed.stats.json
Full8,full8,QC_E4802_240508_DIA_293T_500ng_60min_26w_R3.true_uncompressed.mzML,F8-E4802,MS1,1019859472,158376898,116853347,41523551,0.9498181492090225,0.14749998040497303,0.1088281599804759,0.03867182042449713,6.439445934848402,8.727687295084497,15.529286372113042,MS1 core + full m/z sidecar + orphan intensity sidecar,608.9359269000124,<MSCODEC_ROOT>\benchmark\compression_benchmark_runs\full8_new15_all_methods_w8_size_desc_20260523\QC_E4802_240508_DIA_293T_500ng_60min_26w_R3.true_uncompressed_7b8c2953\trackcodec\QC_E4802_240508_DIA_293T_500ng_60min_26w_R3.true_uncompressed.stats.json
Full8,full8,QC_E4802_240508_DIA_293T_500ng_60min_26w_R3.true_uncompressed.mzML,F8-E4802,MS2,1230462048,367219975,367219975,0,1.1459570825099945,0.34200025256723166,0.34200025256723166,0.0,3.350749228715023,3.350749228715023,29.84407163121215,section core,nan,<MSCODEC_ROOT>\benchmark\compression_benchmark_runs\full8_new15_all_methods_w8_size_desc_20260523\QC_E4802_240508_DIA_293T_500ng_60min_26w_R3.true_uncompressed_7b8c2953\trackcodec\QC_E4802_240508_DIA_293T_500ng_60min_26w_R3.true_uncompressed.stats.json
Full8,full8,QC_E4804_240320_DDA_293T_500ng_120min_R1.mzML,F8-E4804-R1,MS1,2342230880,353925031,253284947,100640084,2.181372493505478,0.32961837109178305,0.23588998895138502,0.09372838214039803,6.617872924619451,9.247414454519479,15.110595373928296,MS1 core + full m/z sidecar + orphan intensity sidecar,nan,<MSCODEC_ROOT>\benchmark\compression_benchmark_runs\full8_except_jc_all_methods_w4_20260520\QC_E4804_240320_DDA_293T_500ng_120min_R1_c02be081\trackcodec\QC_E4804_240320_DDA_293T_500ng_120min_R1.stats.json
Full8,full8,QC_E4804_240320_DDA_293T_500ng_120min_R1.mzML,F8-E4804-R1,MS2,633174608,203296267,203296267,0,0.5896898061037064,0.18933440279215574,0.18933440279215574,0.0,3.114541242412484,3.114541242412484,32.107457316102604,section core,0.0,<MSCODEC_ROOT>\benchmark\compression_benchmark_runs\full8_except_jc_all_methods_w4_20260520\QC_E4804_240320_DDA_293T_500ng_120min_R1_c02be081\trackcodec\QC_E4804_240320_DDA_293T_500ng_120min_R1.stats.json
Full8,full8,QC_E4804_240320_DIA_293T_500ng_120min_R1.true_uncompressed.mzML,F8-E4804-R1,MS1,1363665616,208209983,152127920,56082063,1.2700125724077225,0.193910657428205,0.14168016612529755,0.05223049130290747,6.549472779122219,8.963940452219422,15.268404552923773,MS1 core + full m/z sidecar + orphan intensity sidecar,868.2713862000965,<MSCODEC_ROOT>\benchmark\compression_benchmark_runs\full8_new15_all_methods_w8_size_desc_20260523\QC_E4804_240320_DIA_293T_500ng_120min_R1.true_uncompressed_e05e6428\trackcodec\QC_E4804_240320_DIA_293T_500ng_120min_R1.true_uncompressed.stats.json
Full8,full8,QC_E4804_240320_DIA_293T_500ng_120min_R1.true_uncompressed.mzML,F8-E4804-R1,MS2,1998748336,569724464,569724464,0,1.8614794462919235,0.5305972546339035,0.5305972546339035,0.0,3.5082719144038723,3.5082719144038723,28.504061954100855,section core,nan,<MSCODEC_ROOT>\benchmark\compression_benchmark_runs\full8_new15_all_methods_w8_size_desc_20260523\QC_E4804_240320_DIA_293T_500ng_120min_R1.true_uncompressed_e05e6428\trackcodec\QC_E4804_240320_DIA_293T_500ng_120min_R1.true_uncompressed.stats.json
Full8,full8,QC_E4804_240403_DDA_293T_500ng_120min_R2.mzML,F8-E4804-R2,MS1,2605619008,385737376,275287279,110450097,2.426671802997589,0.3592459261417389,0.25638125743716955,0.10286466870456934,6.754904165677738,9.46509049551832,14.804059028418019,MS1 core + full m/z sidecar + orphan intensity sidecar,nan,<MSCODEC_ROOT>\benchmark\compression_benchmark_runs\full8_except_jc_all_methods_w4_20260520\QC_E4804_240403_DDA_293T_500ng_120min_R2_5cb2fc36\trackcodec\QC_E4804_240403_DDA_293T_500ng_120min_R2.stats.json
Full8,full8,QC_E4804_240403_DDA_293T_500ng_120min_R2.mzML,F8-E4804-R2,MS2,583867376,187642329,187642329,0,0.5437688678503036,0.17475553695112467,0.17475553695112467,0.0,3.1115973624480007,3.1115973624480007,32.13783415773516,section core,568.0136630000197,<MSCODEC_ROOT>\benchmark\compression_benchmark_runs\full8_except_jc_all_methods_w4_20260520\QC_E4804_240403_DDA_293T_500ng_120min_R2_5cb2fc36\trackcodec\QC_E4804_240403_DDA_293T_500ng_120min_R2.stats.json
Full8,full8,QC_E4804_240320_DDA_293T_500ng_120min_R1_centroided.mzML,F8-E4804-cent,MS1,129414272,51246796,27112310,24134486,0.12052643299102783,0.047727297991514206,0.025250306352972984,0.02247699163854122,2.5253144020945233,4.773266165811766,39.59902969589011,MS1 core + full m/z sidecar + orphan intensity sidecar,153.46939380001277,<MSCODEC_ROOT>\benchmark\compression_benchmark_runs\full8_except_jc_all_methods_w4_20260520\QC_E4804_240320_DDA_293T_500ng_120min_R1_centroided_1b99176c\trackcodec\QC_E4804_240320_DDA_293T_500ng_120min_R1_centroided.stats.json
Full8,full8,QC_E4804_240320_DDA_293T_500ng_120min_R1_centroided.mzML,F8-E4804-cent,MS2,633174608,203296267,203296267,0,0.5896898061037064,0.18933440279215574,0.18933440279215574,0.0,3.114541242412484,3.114541242412484,32.107457316102604,section core,785.9671770000132,<MSCODEC_ROOT>\benchmark\compression_benchmark_runs\full8_except_jc_all_methods_w4_20260520\QC_E4804_240320_DDA_293T_500ng_120min_R1_centroided_1b99176c\trackcodec\QC_E4804_240320_DDA_293T_500ng_120min_R1_centroided.stats.json
Full8,full8,QC_E4805_240709_DIA_293T_200ng_60min_R1.mzML,F8-E4805-DIA,MS1,1301088256,175663607,126643646,49019961,1.2117328643798828,0.1635994827374816,0.11794608645141125,0.04565339628607035,7.40670351827627,10.273616538171998,13.501282959854798,MS1 core + full m/z sidecar + orphan intensity sidecar,636.7974819000228,<MSCODEC_ROOT>\benchmark\compression_benchmark_runs\full8_except_jc_all_methods_w4_20260520\QC_E4805_240709_DIA_293T_200ng_60min_R1_629620ee\trackcodec\QC_E4805_240709_DIA_293T_200ng_60min_R1.stats.json
Full8,full8,QC_E4805_240709_DIA_293T_200ng_60min_R1.mzML,F8-E4805-DIA,MS2,697128096,190351719,190351719,0,0.6492511332035065,0.1772788530215621,0.1772788530215621,0.0,3.6623157366916135,3.6623157366916135,27.30512800907109,section core,nan,<MSCODEC_ROOT>\benchmark\compression_benchmark_runs\full8_except_jc_all_methods_w4_20260520\QC_E4805_240709_DIA_293T_200ng_60min_R1_629620ee\trackcodec\QC_E4805_240709_DIA_293T_200ng_60min_R1.stats.json
Full8,full8,QC_E4805_240328_DDA_293T_1ug_60min_NewCol_R2.mzML,F8-E4805-R2,MS1,1291915392,196991337,145533060,51458277,1.2031899690628052,0.18346247915178537,0.1355382241308689,0.04792425502091646,6.558234548151729,8.877126558048047,15.248006039702016,MS1 core + full m/z sidecar + orphan intensity sidecar,5738.689585399989,<MSCODEC_ROOT>\benchmark\compression_benchmark_runs\full8_except_jc_all_methods_w4_20260520\QC_E4805_240328_DDA_293T_1ug_60min_NewCol_R2_e68f86f6\trackcodec\QC_E4805_240328_DDA_293T_1ug_60min_NewCol_R2.stats.json
Full8,full8,QC_E4805_240328_DDA_293T_1ug_60min_NewCol_R2.mzML,F8-E4805-R2,MS2,658583360,209589264,209589264,0,0.6133535504341125,0.19519521296024323,0.19519521296024323,0.0,3.142257133934112,3.142257133934112,31.8242574485939,section core,716.1644201000454,<MSCODEC_ROOT>\benchmark\compression_benchmark_runs\full8_except_jc_all_methods_w4_20260520\QC_E4805_240328_DDA_293T_1ug_60min_NewCol_R2_e68f86f6\trackcodec\QC_E4805_240328_DDA_293T_1ug_60min_NewCol_R2.stats.json
Full8,full8,QC_E4805_240328_DDA_293T_1ug_60min_NewCol_R1.true_uncompressed.mzML,F8-E4805-R2,MS1,1349954240,202796644,149638828,53157816,1.2572428584098816,0.18886909261345863,0.13936201855540276,0.04950707405805588,6.656689249749123,9.021416821040592,15.022482836158952,MS1 core + full m/z sidecar + orphan intensity sidecar,765.0698090000078,<MSCODEC_ROOT>\benchmark\compression_benchmark_runs\trackcodec_ms2_high_mz_fix_2files_20260526\QC_E4805_240328_DDA_293T_1ug_60min_NewCol_R1.true_uncompressed_34ed9d12\trackcodec\QC_E4805_240328_DDA_293T_1ug_60min_NewCol_R1.true_uncompressed.stats.json
Full8,full8,QC_E4805_240328_DDA_293T_1ug_60min_NewCol_R1.true_uncompressed.mzML,F8-E4805-R2,MS2,660851360,204147679,204147679,0,0.6154657900333405,0.19012734200805426,0.19012734200805426,0.0,3.237124042933645,3.237124042933645,30.89161819989294,section core,1614.7987175999442,<MSCODEC_ROOT>\benchmark\compression_benchmark_runs\trackcodec_ms2_high_mz_fix_2files_20260526\QC_E4805_240328_DDA_293T_1ug_60min_NewCol_R1.true_uncompressed_34ed9d12\trackcodec\QC_E4805_240328_DDA_293T_1ug_60min_NewCol_R1.true_uncompressed.stats.json
Full8,full8,01625b_GA1-TUM_first_pool_1_01_01-ETD-1h-R2.uncompressed.mzML,F8-ETD,MS1,977311088,115200932,77416465,37784467,0.9101918786764145,0.10728922858834267,0.07209970150142908,0.035189527086913586,8.483534560293315,12.624072773149743,11.787539649811073,MS1 core + full m/z sidecar + orphan intensity sidecar,5726.981496999972,<MSCODEC_ROOT>\benchmark\compression_benchmark_runs\full8_except_jc_all_methods_w4_20260520\01625b_GA1-TUM_first_pool_1_01_01-ETD-1h-R2.uncompressed_85f780f8\trackcodec\01625b_GA1-TUM_first_pool_1_01_01-ETD-1h-R2.uncompressed.stats.json
Full8,full8,01625b_GA1-TUM_first_pool_1_01_01-ETD-1h-R2.uncompressed.mzML,F8-ETD,MS2,15282368,5548012,5548012,0,0.014232814311981201,0.00516698881983757,0.00516698881983757,0.0,2.754566500577144,2.754566500577144,36.303352988228006,section core,18.60087249998469,<MSCODEC_ROOT>\benchmark\compression_benchmark_runs\full8_except_jc_all_methods_w4_20260520\01625b_GA1-TUM_first_pool_1_01_01-ETD-1h-R2.uncompressed_85f780f8\trackcodec\01625b_GA1-TUM_first_pool_1_01_01-ETD-1h-R2.uncompressed.stats.json
