section,file,file_label,ms_format,label,display_name,family,raw_bytes,compressed_bytes,compression_ratio,include_in_aggregate,ms_scans,note
MS1,01625b_GA1-TUM_first_pool_1_01_01-DDA-1h-R2.true_uncompressed.mzML,F8-DDA-true,,zdpd_baseline,ZDPD,baseline,1068674096,151461261,7.055759,yes,3901,airdPath=<MSCODEC_ROOT>\benchmark\compression_benchmark_runs\full8_except_jc_all_methods_w4_20260520\01625b_GA1-TUM_first_pool_1_01_01-DDA-1h-R2.true_uncompressed_4f5850e8\zdpd\01625b_GA1-TUM_first_pool_1_01_01-DDA-1h-R2.true_uncompressed_with_zero_ZDPD.aird
MS1,01625b_GA1-TUM_first_pool_1_01_01-ETD-1h-R2.uncompressed.mzML,F8-ETD,,zdpd_baseline,ZDPD,baseline,977311088,126143587,7.747608,yes,2303,airdPath=<MSCODEC_ROOT>\benchmark\compression_benchmark_runs\full8_except_jc_all_methods_w4_20260520\01625b_GA1-TUM_first_pool_1_01_01-ETD-1h-R2.uncompressed_85f780f8\zdpd\01625b_GA1-TUM_first_pool_1_01_01-ETD-1h-R2.uncompressed_with_zero_ZDPD.aird
MS1,File13_SA1.uncompressed.mzML,SZ-File13,,zdpd_baseline,ZDPD,baseline,2835103104,392379760,7.225406,yes,12470,airdPath=<MSCODEC_ROOT>\benchmark\compression_benchmark_runs\data_stackzdpd_lt20g_all_methods_w5_size_desc_20260521\File13_SA1.uncompressed_c225b0d5\zdpd\File13_SA1.uncompressed_with_zero_ZDPD.aird
MS1,File14_LFQ_Orbitrap_AIF_Human_01.uncompressed.mzML,SZ-File14,,zdpd_baseline,ZDPD,baseline,46457008,18532583,2.506775,yes,3108,airdPath=<MSCODEC_ROOT>\benchmark\compression_benchmark_runs\data_stackzdpd_lt20g_all_methods_w5_size_desc_20260521\File14_LFQ_Orbitrap_AIF_Human_01.uncompressed_c0adc53a\zdpd\File14_LFQ_Orbitrap_AIF_Human_01.uncompressed_with_zero_ZDPD.aird
MS1,File15_LFQ_Orbitrap_DDA_Human_01.uncompressed.mzML,SZ-File15,,zdpd_baseline,ZDPD,baseline,8533018224,1422586294,5.998243,yes,24749,airdPath=<MSCODEC_ROOT>\benchmark\compression_benchmark_runs\data_stackzdpd_lt20g_all_methods_w5_size_desc_20260521\File15_LFQ_Orbitrap_DDA_Human_01.uncompressed_6c6474f4\zdpd\File15_LFQ_Orbitrap_DDA_Human_01.uncompressed_with_zero_ZDPD.aird
MS1,File16_LFQ_TTOF5600_DDA_Human_01.uncompressed.mzML,SZ-File16,,zdpd_baseline,ZDPD,baseline,2935850192,201540717,14.567033,yes,3454,airdPath=<MSCODEC_ROOT>\benchmark\compression_benchmark_runs\data_stackzdpd_lt20g_all_methods_w5_size_desc_20260521\File16_LFQ_TTOF5600_DDA_Human_01.uncompressed_4ed616f1\zdpd\File16_LFQ_TTOF5600_DDA_Human_01.uncompressed_with_zero_ZDPD.aird
MS1,File18_LFQ_TTOF6600_DDA_Human_01.uncompressed.mzML,SZ-File18,,zdpd_baseline,ZDPD,baseline,4635222464,463264111,10.005572,yes,3293,airdPath=<MSCODEC_ROOT>\benchmark\compression_benchmark_runs\data_stackzdpd_lt20g_all_methods_w5_size_desc_20260521\File18_LFQ_TTOF6600_DDA_Human_01.uncompressed_9db0df7a\zdpd\File18_LFQ_TTOF6600_DDA_Human_01.uncompressed_with_zero_ZDPD.aird
MS1,File2_20180722_L929_test_DDA_1.uncompressed.mzML,SZ-File2,,zdpd_baseline,ZDPD,baseline,5783550864,378111687,15.295880,yes,4206,airdPath=<MSCODEC_ROOT>\benchmark\compression_benchmark_runs\data_stackzdpd_lt20g_all_methods_w5_size_desc_20260521\File2_20180722_L929_test_DDA_1.uncompressed_d6fab1af\zdpd\File2_20180722_L929_test_DDA_1.uncompressed_with_zero_ZDPD.aird
MS1,File3_QE-HFX-20190719_50cm_60min_OFe4_2.uncompressed.mzML,SZ-File3,,zdpd_baseline,ZDPD,baseline,800595872,132260462,6.053176,yes,2135,airdPath=<MSCODEC_ROOT>\benchmark\compression_benchmark_runs\data_stackzdpd_lt20g_all_methods_w5_size_desc_20260521\File3_QE-HFX-20190719_50cm_60min_OFe4_2.uncompressed_b29d815b\zdpd\File3_QE-HFX-20190719_50cm_60min_OFe4_2.uncompressed_with_zero_ZDPD.aird
MS1,File4_QE-HFX-20190719_50cm_60min_Fr1.uncompressed.mzML,SZ-File4,,zdpd_baseline,ZDPD,baseline,1672192240,282361758,5.922163,yes,6026,airdPath=<MSCODEC_ROOT>\benchmark\compression_benchmark_runs\data_stackzdpd_lt20g_all_methods_w5_size_desc_20260521\File4_QE-HFX-20190719_50cm_60min_Fr1.uncompressed_4d85e18f\zdpd\File4_QE-HFX-20190719_50cm_60min_Fr1.uncompressed_with_zero_ZDPD.aird
MS1,File5_S8184TPST_01.uncompressed.mzML,SZ-File5,,zdpd_baseline,ZDPD,baseline,1796967456,289050566,6.216793,yes,4768,airdPath=<MSCODEC_ROOT>\benchmark\compression_benchmark_runs\data_stackzdpd_lt20g_all_methods_w5_size_desc_20260521\File5_S8184TPST_01.uncompressed_ef4db9a0\zdpd\File5_S8184TPST_01.uncompressed_with_zero_ZDPD.aird
MS1,File6_Negative_000333.uncompressed.mzML,SZ-File6,,zdpd_baseline,ZDPD,baseline,521787216,74404487,7.012846,yes,3047,airdPath=<MSCODEC_ROOT>\benchmark\compression_benchmark_runs\data_stackzdpd_lt20g_all_methods_w5_size_desc_20260521\File6_Negative_000333.uncompressed_1162bb72\zdpd\File6_Negative_000333.uncompressed_with_zero_ZDPD.aird
MS1,LFQ_Orbitrap_AIF_Human_01.uncompressed.mzML,SZ-LFQ_Orbitrap_AIF_H,,zdpd_baseline,ZDPD,baseline,46457008,18532583,2.506775,yes,3108,airdPath=<MSCODEC_ROOT>\benchmark\compression_benchmark_runs\data_stackzdpd_lfq_aif_01_02_all_methods_w2_20260526\LFQ_Orbitrap_AIF_Human_01.uncompressed_18afeca8\zdpd\LFQ_Orbitrap_AIF_Human_01.uncompressed_with_zero_ZDPD.aird
MS1,LFQ_Orbitrap_AIF_Human_02.uncompressed.mzML,SZ-LFQ_Orbitrap_AIF_H,,zdpd_baseline,ZDPD,baseline,46934896,18664098,2.514715,yes,3108,airdPath=<MSCODEC_ROOT>\benchmark\compression_benchmark_runs\data_stackzdpd_lfq_aif_01_02_all_methods_w2_20260526\LFQ_Orbitrap_AIF_Human_02.uncompressed_6b9e2e54\zdpd\LFQ_Orbitrap_AIF_Human_02.uncompressed_with_zero_ZDPD.aird
MS1,QC_E4801_240408_DDA_293T_500ng_120min_R1.true_uncompressed.mzML,F8-DDA-true,,zdpd_baseline,ZDPD,baseline,2617702576,447812242,5.845536,yes,8353,airdPath=<MSCODEC_ROOT>\benchmark\compression_benchmark_runs\full8_new15_all_methods_w8_size_desc_20260523\QC_E4801_240408_DDA_293T_500ng_120min_R1.true_uncompressed_63367367\zdpd\QC_E4801_240408_DDA_293T_500ng_120min_R1.true_uncompressed_with_zero_ZDPD.aird
MS1,QC_E4802_240508_DIA_293T_500ng_60min_26w_R3.true_uncompressed.mzML,F8-E4802,,zdpd_baseline,ZDPD,baseline,1019859472,168437077,6.054840,yes,2500,airdPath=<MSCODEC_ROOT>\benchmark\compression_benchmark_runs\full8_new15_all_methods_w8_size_desc_20260523\QC_E4802_240508_DIA_293T_500ng_60min_26w_R3.true_uncompressed_7b8c2953\zdpd\QC_E4802_240508_DIA_293T_500ng_60min_26w_R3.true_uncompressed_with_zero_ZDPD.aird
MS1,QC_E4802_240511_DIA_293T_500ng_60min_26w_R1.true_uncompressed.mzML,F8-E4802,,zdpd_baseline,ZDPD,baseline,1038230544,171596147,6.050430,yes,2500,airdPath=<MSCODEC_ROOT>\benchmark\compression_benchmark_runs\full8_new15_all_methods_w8_size_desc_20260523\QC_E4802_240511_DIA_293T_500ng_60min_26w_R1.true_uncompressed_7f720c3f\zdpd\QC_E4802_240511_DIA_293T_500ng_60min_26w_R1.true_uncompressed_with_zero_ZDPD.aird
MS1,QC_E4802_240703_DDA_293T_500ng_60min_R1.true_uncompressed.mzML,F8-E4802,,zdpd_baseline,ZDPD,baseline,2250251840,381663889,5.895899,yes,11171,airdPath=<MSCODEC_ROOT>\benchmark\compression_benchmark_runs\full8_new15_all_methods_w8_size_desc_20260523\QC_E4802_240703_DDA_293T_500ng_60min_R1.true_uncompressed_bbf2ca3a\zdpd\QC_E4802_240703_DDA_293T_500ng_60min_R1.true_uncompressed_with_zero_ZDPD.aird
MS1,QC_E4802_240703_DIA_293T_500ng_90min_R1.mzML,F8-E4802,,zdpd_baseline,ZDPD,baseline,1364367632,224518755,6.076854,yes,3034,airdPath=<MSCODEC_ROOT>\benchmark\compression_benchmark_runs\full8_except_jc_all_methods_w4_20260520\QC_E4802_240703_DIA_293T_500ng_90min_R1_6ec19d22\zdpd\QC_E4802_240703_DIA_293T_500ng_90min_R1_with_zero_ZDPD.aird
MS1,QC_E4804_240226_DIA_293T_500ng_120min_R1.true_uncompressed.mzML,F8-DDA-true,,zdpd_baseline,ZDPD,baseline,1433868080,237084840,6.047911,yes,2926,airdPath=<MSCODEC_ROOT>\benchmark\compression_benchmark_runs\full8_new15_all_methods_w8_size_desc_20260523\QC_E4804_240226_DIA_293T_500ng_120min_R1.true_uncompressed_4dddd1e8\zdpd\QC_E4804_240226_DIA_293T_500ng_120min_R1.true_uncompressed_with_zero_ZDPD.aird
MS1,QC_E4804_240308_DIA_293T_500ng_120min_R1.true_uncompressed.mzML,F8-DDA-true,,zdpd_baseline,ZDPD,baseline,1409555632,232790457,6.055040,yes,2924,airdPath=<MSCODEC_ROOT>\benchmark\compression_benchmark_runs\full8_new15_all_methods_w8_size_desc_20260523\QC_E4804_240308_DIA_293T_500ng_120min_R1.true_uncompressed_11a909d4\zdpd\QC_E4804_240308_DIA_293T_500ng_120min_R1.true_uncompressed_with_zero_ZDPD.aird
MS1,QC_E4804_240320_DDA_293T_500ng_120min_R1.mzML,F8-E4804-R1,,zdpd_baseline,ZDPD,baseline,2342230880,406821197,5.757396,yes,9436,airdPath=<MSCODEC_ROOT>\benchmark\compression_benchmark_runs\full8_except_jc_all_methods_w4_20260520\QC_E4804_240320_DDA_293T_500ng_120min_R1_c02be081\zdpd\QC_E4804_240320_DDA_293T_500ng_120min_R1_with_zero_ZDPD.aird
MS1,QC_E4804_240320_DDA_293T_500ng_120min_R1_centroided.mzML,F8-E4804-cent,,zdpd_baseline,ZDPD,baseline,129414272,52263086,2.476208,yes,9436,airdPath=<MSCODEC_ROOT>\benchmark\compression_benchmark_runs\full8_except_jc_all_methods_w4_20260520\QC_E4804_240320_DDA_293T_500ng_120min_R1_centroided_1b99176c\zdpd\QC_E4804_240320_DDA_293T_500ng_120min_R1_centroided_with_zero_ZDPD.aird
MS1,QC_E4804_240320_DIA_293T_500ng_120min_R1.true_uncompressed.mzML,F8-E4804-R1,,zdpd_baseline,ZDPD,baseline,1363665616,219984402,6.198920,yes,2908,airdPath=<MSCODEC_ROOT>\benchmark\compression_benchmark_runs\full8_new15_all_methods_w8_size_desc_20260523\QC_E4804_240320_DIA_293T_500ng_120min_R1.true_uncompressed_e05e6428\zdpd\QC_E4804_240320_DIA_293T_500ng_120min_R1.true_uncompressed_with_zero_ZDPD.aird
MS1,QC_E4804_240403_DDA_293T_500ng_120min_R2.mzML,F8-E4804-R2,,zdpd_baseline,ZDPD,baseline,2605619008,452936481,5.752725,yes,9209,airdPath=<MSCODEC_ROOT>\benchmark\compression_benchmark_runs\full8_except_jc_all_methods_w4_20260520\QC_E4804_240403_DDA_293T_500ng_120min_R2_5cb2fc36\zdpd\QC_E4804_240403_DDA_293T_500ng_120min_R2_with_zero_ZDPD.aird
MS1,QC_E4804_240429_DDA_293T_500ng_120min_R1.true_uncompressed.mzML,F8-DDA-true,,zdpd_baseline,ZDPD,baseline,2628432480,464635074,5.656982,yes,9187,airdPath=<MSCODEC_ROOT>\benchmark\compression_benchmark_runs\full8_new15_all_methods_w8_size_desc_20260523\QC_E4804_240429_DDA_293T_500ng_120min_R1.true_uncompressed_7d97225d\zdpd\QC_E4804_240429_DDA_293T_500ng_120min_R1.true_uncompressed_with_zero_ZDPD.aird
MS1,QC_E4804_240507_DIA_293T_500ng_120min_R1.true_uncompressed.mzML,F8-DDA-true,,zdpd_baseline,ZDPD,baseline,1457178208,243089875,5.994401,yes,2935,airdPath=<MSCODEC_ROOT>\benchmark\compression_benchmark_runs\full8_new15_all_methods_w8_size_desc_20260523\QC_E4804_240507_DIA_293T_500ng_120min_R1.true_uncompressed_62c56043\zdpd\QC_E4804_240507_DIA_293T_500ng_120min_R1.true_uncompressed_with_zero_ZDPD.aird
MS1,QC_E4804_240628_DIA_293T_500ng_120min_R1.true_uncompressed.mzML,F8-DDA-true,,zdpd_baseline,ZDPD,baseline,1378115280,224860017,6.128770,yes,2920,airdPath=<MSCODEC_ROOT>\benchmark\compression_benchmark_runs\full8_new15_all_methods_w8_size_desc_20260523\QC_E4804_240628_DIA_293T_500ng_120min_R1.true_uncompressed_13fdd9ae\zdpd\QC_E4804_240628_DIA_293T_500ng_120min_R1.true_uncompressed_with_zero_ZDPD.aird
MS1,QC_E4805_240328_DDA_293T_1ug_60min_NewCol_R1.true_uncompressed.mzML,F8-E4805-R2,,zdpd_baseline,ZDPD,baseline,1349954240,233070165,5.792051,yes,4661,airdPath=<MSCODEC_ROOT>\benchmark\compression_benchmark_runs\full8_new15_all_methods_w8_size_desc_20260523\QC_E4805_240328_DDA_293T_1ug_60min_NewCol_R1.true_uncompressed_34ed9d12\zdpd\QC_E4805_240328_DDA_293T_1ug_60min_NewCol_R1.true_uncompressed_with_zero_ZDPD.aird
MS1,QC_E4805_240328_DDA_293T_1ug_60min_NewCol_R2.mzML,F8-E4805-R2,,zdpd_baseline,ZDPD,baseline,1291915392,225140848,5.738254,yes,4517,airdPath=<MSCODEC_ROOT>\benchmark\compression_benchmark_runs\full8_except_jc_all_methods_w4_20260520\QC_E4805_240328_DDA_293T_1ug_60min_NewCol_R2_e68f86f6\zdpd\QC_E4805_240328_DDA_293T_1ug_60min_NewCol_R2_with_zero_ZDPD.aird
MS1,QC_E4805_240416_DDA_293T_500ng_120min_R1.true_uncompressed.mzML,F8-DDA-true,,zdpd_baseline,ZDPD,baseline,2388490144,414165455,5.766995,yes,11463,airdPath=<MSCODEC_ROOT>\benchmark\compression_benchmark_runs\full8_new15_all_methods_w8_size_desc_20260523\QC_E4805_240416_DDA_293T_500ng_120min_R1.true_uncompressed_2593e929\zdpd\QC_E4805_240416_DDA_293T_500ng_120min_R1.true_uncompressed_with_zero_ZDPD.aird
MS1,QC_E4805_240426_DDA_293T_500ng_120min_R1.true_uncompressed.mzML,F8-DDA-true,,zdpd_baseline,ZDPD,baseline,2431349680,421166373,5.772896,yes,11455,airdPath=<MSCODEC_ROOT>\benchmark\compression_benchmark_runs\full8_new15_all_methods_w8_size_desc_20260523\QC_E4805_240426_DDA_293T_500ng_120min_R1.true_uncompressed_6c7be506\zdpd\QC_E4805_240426_DDA_293T_500ng_120min_R1.true_uncompressed_with_zero_ZDPD.aird
MS1,QC_E4805_240709_DIA_293T_200ng_60min_R1.mzML,F8-E4805-DIA,,zdpd_baseline,ZDPD,baseline,1301088256,189394060,6.869742,yes,2474,airdPath=<MSCODEC_ROOT>\benchmark\compression_benchmark_runs\full8_except_jc_all_methods_w4_20260520\QC_E4805_240709_DIA_293T_200ng_60min_R1_629620ee\zdpd\QC_E4805_240709_DIA_293T_200ng_60min_R1_with_zero_ZDPD.aird
MS1,QC_E4806_240522_DDA_293T_500ng_120min_R1.true_uncompressed.mzML,F8-DDA-true,,zdpd_baseline,ZDPD,baseline,4893524336,740226986,6.610843,yes,37800,airdPath=<MSCODEC_ROOT>\benchmark\compression_benchmark_runs\full8_new15_all_methods_w8_size_desc_20260523\QC_E4806_240522_DDA_293T_500ng_120min_R1.true_uncompressed_1222119e\zdpd\QC_E4806_240522_DDA_293T_500ng_120min_R1.true_uncompressed_with_zero_ZDPD.aird
MS1,QC_E4806_240709_DDA_293T_200ng_120min_R1.true_uncompressed.mzML,F8-DDA-true,,zdpd_baseline,ZDPD,baseline,2785252112,456129954,6.106269,yes,11093,airdPath=<MSCODEC_ROOT>\benchmark\compression_benchmark_runs\full8_new15_all_methods_w8_size_desc_20260523\QC_E4806_240709_DDA_293T_200ng_120min_R1.true_uncompressed_1d2f617d\zdpd\QC_E4806_240709_DDA_293T_200ng_120min_R1.true_uncompressed_with_zero_ZDPD.aird
MS1,Set 1_F2.uncompressed.mzML,SZ-Set_1_F2,,zdpd_baseline,ZDPD,baseline,118460528,35728485,3.315577,yes,7641,airdPath=<MSCODEC_ROOT>\benchmark\compression_benchmark_runs\data_stackzdpd_lt20g_all_methods_w5_size_desc_20260521\Set_1_F2.uncompressed_8d94c383\zdpd\Set 1_F2.uncompressed_with_zero_ZDPD.aird
MS2,01625b_GA1-TUM_first_pool_1_01_01-DDA-1h-R2.true_uncompressed.mzML,F8-DDA-true,,zdpd_baseline,ZDPD,baseline,298801792,100246112,2.980682,yes,50848,airdPath=<MSCODEC_ROOT>\benchmark\compression_benchmark_runs\full8_except_jc_all_methods_w4_20260520\01625b_GA1-TUM_first_pool_1_01_01-DDA-1h-R2.true_uncompressed_4f5850e8\zdpd\01625b_GA1-TUM_first_pool_1_01_01-DDA-1h-R2.true_uncompressed_with_zero_ZDPD.aird
MS2,01625b_GA1-TUM_first_pool_1_01_01-ETD-1h-R2.uncompressed.mzML,F8-ETD,,zdpd_baseline,ZDPD,baseline,15282368,6757412,2.261571,yes,11421,airdPath=<MSCODEC_ROOT>\benchmark\compression_benchmark_runs\full8_except_jc_all_methods_w4_20260520\01625b_GA1-TUM_first_pool_1_01_01-ETD-1h-R2.uncompressed_85f780f8\zdpd\01625b_GA1-TUM_first_pool_1_01_01-ETD-1h-R2.uncompressed_with_zero_ZDPD.aird
MS2,File13_SA1.uncompressed.mzML,SZ-File13,,zdpd_baseline,ZDPD,baseline,0,0,0.000000,no,0,airdPath=<MSCODEC_ROOT>\benchmark\compression_benchmark_runs\data_stackzdpd_lt20g_all_methods_w5_size_desc_20260521\File13_SA1.uncompressed_c225b0d5\zdpd\File13_SA1.uncompressed_with_zero_ZDPD.aird
MS2,File14_LFQ_Orbitrap_AIF_Human_01.uncompressed.mzML,SZ-File14,,zdpd_baseline,ZDPD,baseline,1144597296,437728640,2.614856,yes,233028,airdPath=<MSCODEC_ROOT>\benchmark\compression_benchmark_runs\data_stackzdpd_lt20g_all_methods_w5_size_desc_20260521\File14_LFQ_Orbitrap_AIF_Human_01.uncompressed_c0adc53a\zdpd\File14_LFQ_Orbitrap_AIF_Human_01.uncompressed_with_zero_ZDPD.aird
MS2,File15_LFQ_Orbitrap_DDA_Human_01.uncompressed.mzML,SZ-File15,,zdpd_baseline,ZDPD,baseline,4499196752,844158275,5.329802,yes,118387,airdPath=<MSCODEC_ROOT>\benchmark\compression_benchmark_runs\data_stackzdpd_lt20g_all_methods_w5_size_desc_20260521\File15_LFQ_Orbitrap_DDA_Human_01.uncompressed_6c6474f4\zdpd\File15_LFQ_Orbitrap_DDA_Human_01.uncompressed_with_zero_ZDPD.aird
MS2,File16_LFQ_TTOF5600_DDA_Human_01.uncompressed.mzML,SZ-File16,,zdpd_baseline,ZDPD,baseline,5190057744,569028983,9.120902,yes,29159,airdPath=<MSCODEC_ROOT>\benchmark\compression_benchmark_runs\data_stackzdpd_lt20g_all_methods_w5_size_desc_20260521\File16_LFQ_TTOF5600_DDA_Human_01.uncompressed_4ed616f1\zdpd\File16_LFQ_TTOF5600_DDA_Human_01.uncompressed_with_zero_ZDPD.aird
MS2,File18_LFQ_TTOF6600_DDA_Human_01.uncompressed.mzML,SZ-File18,,zdpd_baseline,ZDPD,baseline,12905715472,1442778654,8.945042,yes,58645,airdPath=<MSCODEC_ROOT>\benchmark\compression_benchmark_runs\data_stackzdpd_lt20g_all_methods_w5_size_desc_20260521\File18_LFQ_TTOF6600_DDA_Human_01.uncompressed_9db0df7a\zdpd\File18_LFQ_TTOF6600_DDA_Human_01.uncompressed_with_zero_ZDPD.aird
MS2,File2_20180722_L929_test_DDA_1.uncompressed.mzML,SZ-File2,,zdpd_baseline,ZDPD,baseline,4128589616,503426066,8.200985,yes,42429,airdPath=<MSCODEC_ROOT>\benchmark\compression_benchmark_runs\data_stackzdpd_lt20g_all_methods_w5_size_desc_20260521\File2_20180722_L929_test_DDA_1.uncompressed_d6fab1af\zdpd\File2_20180722_L929_test_DDA_1.uncompressed_with_zero_ZDPD.aird
MS2,File3_QE-HFX-20190719_50cm_60min_OFe4_2.uncompressed.mzML,SZ-File3,,zdpd_baseline,ZDPD,baseline,596502768,214274459,2.783826,yes,42682,airdPath=<MSCODEC_ROOT>\benchmark\compression_benchmark_runs\data_stackzdpd_lt20g_all_methods_w5_size_desc_20260521\File3_QE-HFX-20190719_50cm_60min_OFe4_2.uncompressed_b29d815b\zdpd\File3_QE-HFX-20190719_50cm_60min_OFe4_2.uncompressed_with_zero_ZDPD.aird
MS2,File4_QE-HFX-20190719_50cm_60min_Fr1.uncompressed.mzML,SZ-File4,,zdpd_baseline,ZDPD,baseline,167258176,69133659,2.419345,yes,57705,airdPath=<MSCODEC_ROOT>\benchmark\compression_benchmark_runs\data_stackzdpd_lt20g_all_methods_w5_size_desc_20260521\File4_QE-HFX-20190719_50cm_60min_Fr1.uncompressed_4d85e18f\zdpd\File4_QE-HFX-20190719_50cm_60min_Fr1.uncompressed_with_zero_ZDPD.aird
MS2,File5_S8184TPST_01.uncompressed.mzML,SZ-File5,,zdpd_baseline,ZDPD,baseline,531217136,95997450,5.533659,yes,19801,airdPath=<MSCODEC_ROOT>\benchmark\compression_benchmark_runs\data_stackzdpd_lt20g_all_methods_w5_size_desc_20260521\File5_S8184TPST_01.uncompressed_ef4db9a0\zdpd\File5_S8184TPST_01.uncompressed_with_zero_ZDPD.aird
MS2,File6_Negative_000333.uncompressed.mzML,SZ-File6,,zdpd_baseline,ZDPD,baseline,122260464,20304242,6.021425,yes,30442,airdPath=<MSCODEC_ROOT>\benchmark\compression_benchmark_runs\data_stackzdpd_lt20g_all_methods_w5_size_desc_20260521\File6_Negative_000333.uncompressed_1162bb72\zdpd\File6_Negative_000333.uncompressed_with_zero_ZDPD.aird
MS2,LFQ_Orbitrap_AIF_Human_01.uncompressed.mzML,SZ-LFQ_Orbitrap_AIF_H,,zdpd_baseline,ZDPD,baseline,1144597296,437728486,2.614857,yes,233027,airdPath=<MSCODEC_ROOT>\benchmark\compression_benchmark_runs\data_stackzdpd_lfq_aif_01_02_all_methods_w2_20260526\LFQ_Orbitrap_AIF_Human_01.uncompressed_18afeca8\zdpd\LFQ_Orbitrap_AIF_Human_01.uncompressed_with_zero_ZDPD.aird
MS2,LFQ_Orbitrap_AIF_Human_02.uncompressed.mzML,SZ-LFQ_Orbitrap_AIF_H,,zdpd_baseline,ZDPD,baseline,1051028320,404486862,2.598424,yes,233035,airdPath=<MSCODEC_ROOT>\benchmark\compression_benchmark_runs\data_stackzdpd_lfq_aif_01_02_all_methods_w2_20260526\LFQ_Orbitrap_AIF_Human_02.uncompressed_6b9e2e54\zdpd\LFQ_Orbitrap_AIF_Human_02.uncompressed_with_zero_ZDPD.aird
MS2,QC_E4801_240408_DDA_293T_500ng_120min_R1.true_uncompressed.mzML,F8-DDA-true,,zdpd_baseline,ZDPD,baseline,746443632,298267090,2.502601,yes,185517,airdPath=<MSCODEC_ROOT>\benchmark\compression_benchmark_runs\full8_new15_all_methods_w8_size_desc_20260523\QC_E4801_240408_DDA_293T_500ng_120min_R1.true_uncompressed_63367367\zdpd\QC_E4801_240408_DDA_293T_500ng_120min_R1.true_uncompressed_with_zero_ZDPD.aird
MS2,QC_E4802_240508_DIA_293T_500ng_60min_26w_R3.true_uncompressed.mzML,F8-E4802,,zdpd_baseline,ZDPD,baseline,1230462048,451667246,2.724267,yes,64995,airdPath=<MSCODEC_ROOT>\benchmark\compression_benchmark_runs\full8_new15_all_methods_w8_size_desc_20260523\QC_E4802_240508_DIA_293T_500ng_60min_26w_R3.true_uncompressed_7b8c2953\zdpd\QC_E4802_240508_DIA_293T_500ng_60min_26w_R3.true_uncompressed_with_zero_ZDPD.aird
MS2,QC_E4802_240511_DIA_293T_500ng_60min_26w_R1.true_uncompressed.mzML,F8-E4802,,zdpd_baseline,ZDPD,baseline,1229374240,451325930,2.723917,yes,64990,airdPath=<MSCODEC_ROOT>\benchmark\compression_benchmark_runs\full8_new15_all_methods_w8_size_desc_20260523\QC_E4802_240511_DIA_293T_500ng_60min_26w_R1.true_uncompressed_7f720c3f\zdpd\QC_E4802_240511_DIA_293T_500ng_60min_26w_R1.true_uncompressed_with_zero_ZDPD.aird
MS2,QC_E4802_240703_DDA_293T_500ng_60min_R1.true_uncompressed.mzML,F8-E4802,,zdpd_baseline,ZDPD,baseline,488852112,192488410,2.539644,yes,92213,airdPath=<MSCODEC_ROOT>\benchmark\compression_benchmark_runs\full8_new15_all_methods_w8_size_desc_20260523\QC_E4802_240703_DDA_293T_500ng_60min_R1.true_uncompressed_bbf2ca3a\zdpd\QC_E4802_240703_DDA_293T_500ng_60min_R1.true_uncompressed_with_zero_ZDPD.aird
MS2,QC_E4802_240703_DIA_293T_500ng_90min_R1.mzML,F8-E4802,,zdpd_baseline,ZDPD,baseline,1809329984,654272559,2.765407,yes,87985,airdPath=<MSCODEC_ROOT>\benchmark\compression_benchmark_runs\full8_except_jc_all_methods_w4_20260520\QC_E4802_240703_DIA_293T_500ng_90min_R1_6ec19d22\zdpd\QC_E4802_240703_DIA_293T_500ng_90min_R1_with_zero_ZDPD.aird
MS2,QC_E4804_240226_DIA_293T_500ng_120min_R1.true_uncompressed.mzML,F8-DDA-true,,zdpd_baseline,ZDPD,baseline,2318534848,831432014,2.788604,yes,105336,airdPath=<MSCODEC_ROOT>\benchmark\compression_benchmark_runs\full8_new15_all_methods_w8_size_desc_20260523\QC_E4804_240226_DIA_293T_500ng_120min_R1.true_uncompressed_4dddd1e8\zdpd\QC_E4804_240226_DIA_293T_500ng_120min_R1.true_uncompressed_with_zero_ZDPD.aird
MS2,QC_E4804_240308_DIA_293T_500ng_120min_R1.true_uncompressed.mzML,F8-DDA-true,,zdpd_baseline,ZDPD,baseline,2274240272,814363525,2.792660,yes,105232,airdPath=<MSCODEC_ROOT>\benchmark\compression_benchmark_runs\full8_new15_all_methods_w8_size_desc_20260523\QC_E4804_240308_DIA_293T_500ng_120min_R1.true_uncompressed_11a909d4\zdpd\QC_E4804_240308_DIA_293T_500ng_120min_R1.true_uncompressed_with_zero_ZDPD.aird
MS2,QC_E4804_240320_DDA_293T_500ng_120min_R1.mzML,F8-E4804-R1,,zdpd_baseline,ZDPD,baseline,633174608,256177076,2.471629,yes,180488,airdPath=<MSCODEC_ROOT>\benchmark\compression_benchmark_runs\full8_except_jc_all_methods_w4_20260520\QC_E4804_240320_DDA_293T_500ng_120min_R1_c02be081\zdpd\QC_E4804_240320_DDA_293T_500ng_120min_R1_with_zero_ZDPD.aird
MS2,QC_E4804_240320_DDA_293T_500ng_120min_R1_centroided.mzML,F8-E4804-cent,,zdpd_baseline,ZDPD,baseline,633174608,256177076,2.471629,yes,180488,airdPath=<MSCODEC_ROOT>\benchmark\compression_benchmark_runs\full8_except_jc_all_methods_w4_20260520\QC_E4804_240320_DDA_293T_500ng_120min_R1_centroided_1b99176c\zdpd\QC_E4804_240320_DDA_293T_500ng_120min_R1_centroided_with_zero_ZDPD.aird
MS2,QC_E4804_240320_DIA_293T_500ng_120min_R1.true_uncompressed.mzML,F8-E4804-R1,,zdpd_baseline,ZDPD,baseline,1998748336,711362518,2.809746,yes,104654,airdPath=<MSCODEC_ROOT>\benchmark\compression_benchmark_runs\full8_new15_all_methods_w8_size_desc_20260523\QC_E4804_240320_DIA_293T_500ng_120min_R1.true_uncompressed_e05e6428\zdpd\QC_E4804_240320_DIA_293T_500ng_120min_R1.true_uncompressed_with_zero_ZDPD.aird
MS2,QC_E4804_240403_DDA_293T_500ng_120min_R2.mzML,F8-E4804-R2,,zdpd_baseline,ZDPD,baseline,583867376,236800170,2.465654,yes,180051,airdPath=<MSCODEC_ROOT>\benchmark\compression_benchmark_runs\full8_except_jc_all_methods_w4_20260520\QC_E4804_240403_DDA_293T_500ng_120min_R2_5cb2fc36\zdpd\QC_E4804_240403_DDA_293T_500ng_120min_R2_with_zero_ZDPD.aird
MS2,QC_E4804_240429_DDA_293T_500ng_120min_R1.true_uncompressed.mzML,F8-DDA-true,,zdpd_baseline,ZDPD,baseline,798296720,318366722,2.507475,yes,182549,airdPath=<MSCODEC_ROOT>\benchmark\compression_benchmark_runs\full8_new15_all_methods_w8_size_desc_20260523\QC_E4804_240429_DDA_293T_500ng_120min_R1.true_uncompressed_7d97225d\zdpd\QC_E4804_240429_DDA_293T_500ng_120min_R1.true_uncompressed_with_zero_ZDPD.aird
MS2,QC_E4804_240507_DIA_293T_500ng_120min_R1.true_uncompressed.mzML,F8-DDA-true,,zdpd_baseline,ZDPD,baseline,2415760944,874755947,2.761640,yes,105658,airdPath=<MSCODEC_ROOT>\benchmark\compression_benchmark_runs\full8_new15_all_methods_w8_size_desc_20260523\QC_E4804_240507_DIA_293T_500ng_120min_R1.true_uncompressed_62c56043\zdpd\QC_E4804_240507_DIA_293T_500ng_120min_R1.true_uncompressed_with_zero_ZDPD.aird
MS2,QC_E4804_240628_DIA_293T_500ng_120min_R1.true_uncompressed.mzML,F8-DDA-true,,zdpd_baseline,ZDPD,baseline,2407244304,860554664,2.797317,yes,105087,airdPath=<MSCODEC_ROOT>\benchmark\compression_benchmark_runs\full8_new15_all_methods_w8_size_desc_20260523\QC_E4804_240628_DIA_293T_500ng_120min_R1.true_uncompressed_13fdd9ae\zdpd\QC_E4804_240628_DIA_293T_500ng_120min_R1.true_uncompressed_with_zero_ZDPD.aird
MS2,QC_E4805_240328_DDA_293T_1ug_60min_NewCol_R1.true_uncompressed.mzML,F8-E4805-R2,,zdpd_baseline,ZDPD,baseline,660851360,254271366,2.599000,yes,90522,airdPath=<MSCODEC_ROOT>\benchmark\compression_benchmark_runs\full8_new15_all_methods_w8_size_desc_20260523\QC_E4805_240328_DDA_293T_1ug_60min_NewCol_R1.true_uncompressed_34ed9d12\zdpd\QC_E4805_240328_DDA_293T_1ug_60min_NewCol_R1.true_uncompressed_with_zero_ZDPD.aird
MS2,QC_E4805_240328_DDA_293T_1ug_60min_NewCol_R2.mzML,F8-E4805-R2,,zdpd_baseline,ZDPD,baseline,658583360,253453456,2.598439,yes,91485,airdPath=<MSCODEC_ROOT>\benchmark\compression_benchmark_runs\full8_except_jc_all_methods_w4_20260520\QC_E4805_240328_DDA_293T_1ug_60min_NewCol_R2_e68f86f6\zdpd\QC_E4805_240328_DDA_293T_1ug_60min_NewCol_R2_with_zero_ZDPD.aird
MS2,QC_E4805_240416_DDA_293T_500ng_120min_R1.true_uncompressed.mzML,F8-DDA-true,,zdpd_baseline,ZDPD,baseline,851911936,336269583,2.533420,yes,170790,airdPath=<MSCODEC_ROOT>\benchmark\compression_benchmark_runs\full8_new15_all_methods_w8_size_desc_20260523\QC_E4805_240416_DDA_293T_500ng_120min_R1.true_uncompressed_2593e929\zdpd\QC_E4805_240416_DDA_293T_500ng_120min_R1.true_uncompressed_with_zero_ZDPD.aird
MS2,QC_E4805_240426_DDA_293T_500ng_120min_R1.true_uncompressed.mzML,F8-DDA-true,,zdpd_baseline,ZDPD,baseline,846367616,334106979,2.533223,yes,170922,airdPath=<MSCODEC_ROOT>\benchmark\compression_benchmark_runs\full8_new15_all_methods_w8_size_desc_20260523\QC_E4805_240426_DDA_293T_500ng_120min_R1.true_uncompressed_6c7be506\zdpd\QC_E4805_240426_DDA_293T_500ng_120min_R1.true_uncompressed_with_zero_ZDPD.aird
MS2,QC_E4805_240709_DIA_293T_200ng_60min_R1.mzML,F8-E4805-DIA,,zdpd_baseline,ZDPD,baseline,697128096,244837284,2.847312,yes,49462,airdPath=<MSCODEC_ROOT>\benchmark\compression_benchmark_runs\full8_except_jc_all_methods_w4_20260520\QC_E4805_240709_DIA_293T_200ng_60min_R1_629620ee\zdpd\QC_E4805_240709_DIA_293T_200ng_60min_R1_with_zero_ZDPD.aird
MS2,QC_E4806_240522_DDA_293T_500ng_120min_R1.true_uncompressed.mzML,F8-DDA-true,,zdpd_baseline,ZDPD,baseline,13053744,6584608,1.982463,yes,40204,airdPath=<MSCODEC_ROOT>\benchmark\compression_benchmark_runs\full8_new15_all_methods_w8_size_desc_20260523\QC_E4806_240522_DDA_293T_500ng_120min_R1.true_uncompressed_1222119e\zdpd\QC_E4806_240522_DDA_293T_500ng_120min_R1.true_uncompressed_with_zero_ZDPD.aird
MS2,QC_E4806_240709_DDA_293T_200ng_120min_R1.true_uncompressed.mzML,F8-DDA-true,,zdpd_baseline,ZDPD,baseline,412918096,171653253,2.405536,yes,172014,airdPath=<MSCODEC_ROOT>\benchmark\compression_benchmark_runs\full8_new15_all_methods_w8_size_desc_20260523\QC_E4806_240709_DDA_293T_200ng_120min_R1.true_uncompressed_1d2f617d\zdpd\QC_E4806_240709_DDA_293T_200ng_120min_R1.true_uncompressed_with_zero_ZDPD.aird
MS2,Set 1_F2.uncompressed.mzML,SZ-Set_1_F2,,zdpd_baseline,ZDPD,baseline,145593408,42425198,3.431767,yes,10635,airdPath=<MSCODEC_ROOT>\benchmark\compression_benchmark_runs\data_stackzdpd_lt20g_all_methods_w5_size_desc_20260521\Set_1_F2.uncompressed_8d94c383\zdpd\Set 1_F2.uncompressed_with_zero_ZDPD.aird
