method,n_files,raw_bytes,compressed_bytes,compressed_gib,mean_compression_ratio,median_compression_ratio,aggregate_compression_ratio,mean_elapsed_seconds
original_mzml,36,142564664587.0,142564664587.0,132.77369047235698,1.0,1.0,1.0,
msconvert_zlib,36,142564664587.0,99344134380.0,92.52143500372767,1.3569213098797965,1.3947468480810425,1.4350587025266905,440.8105903111104
msconvert_gzip,36,142564664587.0,69858836816.0,65.0611117631197,2.1152192311167424,2.06980758426357,2.040753483521328,574.3206410138971
msconvert_numpress,36,142564664587.0,50421367168.0,46.95855748653412,2.8121698337949517,2.3871520323609534,2.8274652710622825,207.06651151389008
mspack,36,142564664587.0,35745968577.0,33.29102748725563,4.002655342715935,4.147455529542178,3.988272531485698,2025.6435782500096
masscomp,36,142564664587.0,55977044862.0,52.13268554024398,2.634238031533305,2.608877926396268,2.5468415658322825,3091.5555908889073
airdpro,36,142564664587.0,25295691556.0,23.55844858661294,5.478975124634664,5.038002966563727,5.635926745524553,159.2699199499944
zdpd,36,142564664587.0,25615288101.0,23.85609606374055,5.410177322500843,4.940599413640167,5.565608476659468,163.9563672611144
stackzdpd,7,43046825467.0,4857237977.0,4.523655378259718,7.5056166000373095,6.746552194524153,8.862408156823978,293.0855370142796
trackcodec,36,142564664587.0,22122088081.0,20.60280002746731,6.223005984232957,6.019893560880101,6.44444882711793,4523.634255388889
