section,file,file_label,ms_format,label,display_name,family,raw_bytes,compressed_bytes,compression_ratio,include_in_aggregate,ms_scans,elapsed_seconds_file
MS1,File13_SA1,File13,,gzip,gzip raw float64,raw_backend,2835103104,1472275535,1.925661,yes,12470,350.096778
MS1,File13_SA1,File13,,zlib,zlib raw float64,raw_backend,2835103104,1472275523,1.925661,yes,12470,350.096778
MS1,File13_SA1,File13,,zstd-9,zstd-9 raw float64,raw_backend,2835103104,1597815482,1.774362,yes,12470,350.096778
MS2,File13_SA1,File13,,gzip,gzip raw float64,raw_backend,0,20,0.000000,no,0,350.096778
MS2,File13_SA1,File13,,zlib,zlib raw float64,raw_backend,0,8,0.000000,no,0,350.096778
MS2,File13_SA1,File13,,zstd-9,zstd-9 raw float64,raw_backend,0,9,0.000000,no,0,350.096778
MS1,File16_LFQ_TTOF5600_DDA_Human_01,File16,,gzip,gzip raw float64,raw_backend,2935850192,1223886300,2.398793,yes,3454,752.167032
MS1,File16_LFQ_TTOF5600_DDA_Human_01,File16,,zlib,zlib raw float64,raw_backend,2935850192,1223886288,2.398793,yes,3454,752.167032
MS1,File16_LFQ_TTOF5600_DDA_Human_01,File16,,zstd-9,zstd-9 raw float64,raw_backend,2935850192,1424013694,2.061673,yes,3454,752.167032
MS2,File16_LFQ_TTOF5600_DDA_Human_01,File16,,gzip,gzip raw float64,raw_backend,5190057744,2117356561,2.451197,yes,29159,752.167032
MS2,File16_LFQ_TTOF5600_DDA_Human_01,File16,,zlib,zlib raw float64,raw_backend,5190057744,2117356549,2.451197,yes,29159,752.167032
MS2,File16_LFQ_TTOF5600_DDA_Human_01,File16,,zstd-9,zstd-9 raw float64,raw_backend,5190057744,1670995774,3.105967,yes,29159,752.167032
MS1,File3_QE-HFX-20190719_50cm_60min_OFe4_2,File3,,gzip,gzip raw float64,raw_backend,800595872,418745823,1.911890,yes,2135,283.002106
MS1,File3_QE-HFX-20190719_50cm_60min_OFe4_2,File3,,zlib,zlib raw float64,raw_backend,800595872,418745811,1.911890,yes,2135,283.002106
MS1,File3_QE-HFX-20190719_50cm_60min_OFe4_2,File3,,zstd-9,zstd-9 raw float64,raw_backend,800595872,479363005,1.670124,yes,2135,283.002106
MS2,File3_QE-HFX-20190719_50cm_60min_OFe4_2,File3,,gzip,gzip raw float64,raw_backend,596502768,297703032,2.003684,yes,42682,283.002106
MS2,File3_QE-HFX-20190719_50cm_60min_OFe4_2,File3,,zlib,zlib raw float64,raw_backend,596502768,297703020,2.003684,yes,42682,283.002106
MS2,File3_QE-HFX-20190719_50cm_60min_OFe4_2,File3,,zstd-9,zstd-9 raw float64,raw_backend,596502768,270383004,2.206140,yes,42682,283.002106
MS1,File4_QE-HFX-20190719_50cm_60min_Fr1,File4,,gzip,gzip raw float64,raw_backend,1672192240,882183590,1.895515,yes,6026,293.199097
MS1,File4_QE-HFX-20190719_50cm_60min_Fr1,File4,,zlib,zlib raw float64,raw_backend,1672192240,882183578,1.895515,yes,6026,293.199097
MS1,File4_QE-HFX-20190719_50cm_60min_Fr1,File4,,zstd-9,zstd-9 raw float64,raw_backend,1672192240,1002172753,1.668567,yes,6026,293.199097
MS2,File4_QE-HFX-20190719_50cm_60min_Fr1,File4,,gzip,gzip raw float64,raw_backend,167258176,86351547,1.936945,yes,57705,293.199097
MS2,File4_QE-HFX-20190719_50cm_60min_Fr1,File4,,zlib,zlib raw float64,raw_backend,167258176,86351535,1.936945,yes,57705,293.199097
MS2,File4_QE-HFX-20190719_50cm_60min_Fr1,File4,,zstd-9,zstd-9 raw float64,raw_backend,167258176,79494645,2.104018,yes,57705,293.199097
MS1,File5_S8184TPST_01,File5,,gzip,gzip raw float64,raw_backend,1796967456,942577795,1.906439,yes,4768,292.455569
MS1,File5_S8184TPST_01,File5,,zlib,zlib raw float64,raw_backend,1796967456,942577783,1.906439,yes,4768,292.455569
MS1,File5_S8184TPST_01,File5,,zstd-9,zstd-9 raw float64,raw_backend,1796967456,1083469244,1.658531,yes,4768,292.455569
MS2,File5_S8184TPST_01,File5,,gzip,gzip raw float64,raw_backend,531217136,288028448,1.844322,yes,19801,292.455569
MS2,File5_S8184TPST_01,File5,,zlib,zlib raw float64,raw_backend,531217136,288028436,1.844322,yes,19801,292.455569
MS2,File5_S8184TPST_01,File5,,zstd-9,zstd-9 raw float64,raw_backend,531217136,315029961,1.686243,yes,19801,292.455569
MS1,File6_Negative_000333,File6,,gzip,gzip raw float64,raw_backend,521787216,272641346,1.913823,yes,3047,106.359139
MS1,File6_Negative_000333,File6,,zlib,zlib raw float64,raw_backend,521787216,272641334,1.913823,yes,3047,106.359139
MS1,File6_Negative_000333,File6,,zstd-9,zstd-9 raw float64,raw_backend,521787216,293426154,1.778257,yes,3047,106.359139
MS2,File6_Negative_000333,File6,,gzip,gzip raw float64,raw_backend,122260464,65570423,1.864567,yes,30442,106.359139
MS2,File6_Negative_000333,File6,,zlib,zlib raw float64,raw_backend,122260464,65570411,1.864568,yes,30442,106.359139
MS2,File6_Negative_000333,File6,,zstd-9,zstd-9 raw float64,raw_backend,122260464,65599860,1.863731,yes,30442,106.359139
MS1,Set_1_F2,Set_1_F2,MS1 centroid / MS2 centroid,gzip,gzip raw float64,raw_backend,118460528,85326502,1.388320,yes,7641,62.075556
MS1,Set_1_F2,Set_1_F2,MS1 centroid / MS2 centroid,zlib,zlib raw float64,raw_backend,118460528,85326490,1.388321,yes,7641,62.075556
MS1,Set_1_F2,Set_1_F2,MS1 centroid / MS2 centroid,zstd-9,zstd-9 raw float64,raw_backend,118460528,85429884,1.386640,yes,7641,62.075556
MS2,Set_1_F2,Set_1_F2,MS1 centroid / MS2 centroid,gzip,gzip raw float64,raw_backend,145593408,105969930,1.373912,yes,10635,62.075556
MS2,Set_1_F2,Set_1_F2,MS1 centroid / MS2 centroid,zlib,zlib raw float64,raw_backend,145593408,105969918,1.373913,yes,10635,62.075556
MS2,Set_1_F2,Set_1_F2,MS1 centroid / MS2 centroid,zstd-9,zstd-9 raw float64,raw_backend,145593408,98052381,1.484853,yes,10635,62.075556
MS1,QC_E4804_240429_DDA_293T_500ng_120min_R1.true_uncompressed,QC_E4804_240429_DDA_293T_500ng_120min_R1.true_uncompressed,,gzip,gzip raw float64,raw_backend,2628432480,1378089510,1.907302,yes,9187,631.119230
MS1,QC_E4804_240429_DDA_293T_500ng_120min_R1.true_uncompressed,QC_E4804_240429_DDA_293T_500ng_120min_R1.true_uncompressed,,zlib,zlib raw float64,raw_backend,2628432480,1378089498,1.907302,yes,9187,631.119230
MS1,QC_E4804_240429_DDA_293T_500ng_120min_R1.true_uncompressed,QC_E4804_240429_DDA_293T_500ng_120min_R1.true_uncompressed,,zstd-9,zstd-9 raw float64,raw_backend,2628432480,1568110120,1.676179,yes,9187,631.119230
MS2,QC_E4804_240429_DDA_293T_500ng_120min_R1.true_uncompressed,QC_E4804_240429_DDA_293T_500ng_120min_R1.true_uncompressed,,gzip,gzip raw float64,raw_backend,798296720,412240614,1.936482,yes,182549,631.119230
MS2,QC_E4804_240429_DDA_293T_500ng_120min_R1.true_uncompressed,QC_E4804_240429_DDA_293T_500ng_120min_R1.true_uncompressed,,zlib,zlib raw float64,raw_backend,798296720,412240602,1.936483,yes,182549,631.119230
MS2,QC_E4804_240429_DDA_293T_500ng_120min_R1.true_uncompressed,QC_E4804_240429_DDA_293T_500ng_120min_R1.true_uncompressed,,zstd-9,zstd-9 raw float64,raw_backend,798296720,375854823,2.123950,yes,182549,631.119230
MS1,QC_E4806_240522_DDA_293T_500ng_120min_R1.true_uncompressed,QC_E4806_240522_DDA_293T_500ng_120min_R1.true_uncompressed,,gzip,gzip raw float64,raw_backend,4893524336,2590190983,1.889252,yes,37800,651.299837
MS1,QC_E4806_240522_DDA_293T_500ng_120min_R1.true_uncompressed,QC_E4806_240522_DDA_293T_500ng_120min_R1.true_uncompressed,,zlib,zlib raw float64,raw_backend,4893524336,2590190971,1.889252,yes,37800,651.299837
MS1,QC_E4806_240522_DDA_293T_500ng_120min_R1.true_uncompressed,QC_E4806_240522_DDA_293T_500ng_120min_R1.true_uncompressed,,zstd-9,zstd-9 raw float64,raw_backend,4893524336,2679087557,1.826564,yes,37800,651.299837
MS2,QC_E4806_240522_DDA_293T_500ng_120min_R1.true_uncompressed,QC_E4806_240522_DDA_293T_500ng_120min_R1.true_uncompressed,,gzip,gzip raw float64,raw_backend,13053744,6732124,1.939023,yes,40204,651.299837
MS2,QC_E4806_240522_DDA_293T_500ng_120min_R1.true_uncompressed,QC_E4806_240522_DDA_293T_500ng_120min_R1.true_uncompressed,,zlib,zlib raw float64,raw_backend,13053744,6732112,1.939027,yes,40204,651.299837
MS2,QC_E4806_240522_DDA_293T_500ng_120min_R1.true_uncompressed,QC_E4806_240522_DDA_293T_500ng_120min_R1.true_uncompressed,,zstd-9,zstd-9 raw float64,raw_backend,13053744,6196370,2.106676,yes,40204,651.299837
MS1,QC_E4806_240709_DDA_293T_200ng_120min_R1.true_uncompressed,QC_E4806_240709_DDA_293T_200ng_120min_R1.true_uncompressed,,gzip,gzip raw float64,raw_backend,2785252112,1467588464,1.897843,yes,11093,564.839747
MS1,QC_E4806_240709_DDA_293T_200ng_120min_R1.true_uncompressed,QC_E4806_240709_DDA_293T_200ng_120min_R1.true_uncompressed,,zlib,zlib raw float64,raw_backend,2785252112,1467588452,1.897843,yes,11093,564.839747
MS1,QC_E4806_240709_DDA_293T_200ng_120min_R1.true_uncompressed,QC_E4806_240709_DDA_293T_200ng_120min_R1.true_uncompressed,,zstd-9,zstd-9 raw float64,raw_backend,2785252112,1641842022,1.696419,yes,11093,564.839747
MS2,QC_E4806_240709_DDA_293T_200ng_120min_R1.true_uncompressed,QC_E4806_240709_DDA_293T_200ng_120min_R1.true_uncompressed,,gzip,gzip raw float64,raw_backend,412918096,213369118,1.935229,yes,172014,564.839747
MS2,QC_E4806_240709_DDA_293T_200ng_120min_R1.true_uncompressed,QC_E4806_240709_DDA_293T_200ng_120min_R1.true_uncompressed,,zlib,zlib raw float64,raw_backend,412918096,213369106,1.935229,yes,172014,564.839747
MS2,QC_E4806_240709_DDA_293T_200ng_120min_R1.true_uncompressed,QC_E4806_240709_DDA_293T_200ng_120min_R1.true_uncompressed,,zstd-9,zstd-9 raw float64,raw_backend,412918096,196010725,2.106610,yes,172014,564.839747
MS1,QC_E4801_240408_DDA_293T_500ng_120min_R1.true_uncompressed,QC_E4801_240408_DDA_293T_500ng_120min_R1.true_uncompressed,,gzip,gzip raw float64,raw_backend,2617702576,1371295064,1.908927,yes,8353,628.484067
MS1,QC_E4801_240408_DDA_293T_500ng_120min_R1.true_uncompressed,QC_E4801_240408_DDA_293T_500ng_120min_R1.true_uncompressed,,zlib,zlib raw float64,raw_backend,2617702576,1371295052,1.908927,yes,8353,628.484067
MS1,QC_E4801_240408_DDA_293T_500ng_120min_R1.true_uncompressed,QC_E4801_240408_DDA_293T_500ng_120min_R1.true_uncompressed,,zstd-9,zstd-9 raw float64,raw_backend,2617702576,1567807559,1.669658,yes,8353,628.484067
MS2,QC_E4801_240408_DDA_293T_500ng_120min_R1.true_uncompressed,QC_E4801_240408_DDA_293T_500ng_120min_R1.true_uncompressed,,gzip,gzip raw float64,raw_backend,746443632,385336575,1.937121,yes,185517,628.484067
MS2,QC_E4801_240408_DDA_293T_500ng_120min_R1.true_uncompressed,QC_E4801_240408_DDA_293T_500ng_120min_R1.true_uncompressed,,zlib,zlib raw float64,raw_backend,746443632,385336563,1.937121,yes,185517,628.484067
MS2,QC_E4801_240408_DDA_293T_500ng_120min_R1.true_uncompressed,QC_E4801_240408_DDA_293T_500ng_120min_R1.true_uncompressed,,zstd-9,zstd-9 raw float64,raw_backend,746443632,350832965,2.127633,yes,185517,628.484067
MS1,QC_E4805_240416_DDA_293T_500ng_120min_R1.true_uncompressed,QC_E4805_240416_DDA_293T_500ng_120min_R1.true_uncompressed,,gzip,gzip raw float64,raw_backend,2388490144,1257261831,1.899756,yes,11463,629.638828
MS1,QC_E4805_240416_DDA_293T_500ng_120min_R1.true_uncompressed,QC_E4805_240416_DDA_293T_500ng_120min_R1.true_uncompressed,,zlib,zlib raw float64,raw_backend,2388490144,1257261819,1.899756,yes,11463,629.638828
MS1,QC_E4805_240416_DDA_293T_500ng_120min_R1.true_uncompressed,QC_E4805_240416_DDA_293T_500ng_120min_R1.true_uncompressed,,zstd-9,zstd-9 raw float64,raw_backend,2388490144,1394508694,1.712783,yes,11463,629.638828
MS2,QC_E4805_240416_DDA_293T_500ng_120min_R1.true_uncompressed,QC_E4805_240416_DDA_293T_500ng_120min_R1.true_uncompressed,,gzip,gzip raw float64,raw_backend,851911936,439484261,1.938436,yes,170791,629.638828
MS2,QC_E4805_240416_DDA_293T_500ng_120min_R1.true_uncompressed,QC_E4805_240416_DDA_293T_500ng_120min_R1.true_uncompressed,,zlib,zlib raw float64,raw_backend,851911936,439484249,1.938436,yes,170791,629.638828
MS2,QC_E4805_240416_DDA_293T_500ng_120min_R1.true_uncompressed,QC_E4805_240416_DDA_293T_500ng_120min_R1.true_uncompressed,,zstd-9,zstd-9 raw float64,raw_backend,851911936,399683096,2.131469,yes,170791,629.638828
MS1,QC_E4805_240426_DDA_293T_500ng_120min_R1.true_uncompressed,QC_E4805_240426_DDA_293T_500ng_120min_R1.true_uncompressed,,gzip,gzip raw float64,raw_backend,2431349680,1280700968,1.898452,yes,11455,639.473983
MS1,QC_E4805_240426_DDA_293T_500ng_120min_R1.true_uncompressed,QC_E4805_240426_DDA_293T_500ng_120min_R1.true_uncompressed,,zlib,zlib raw float64,raw_backend,2431349680,1280700956,1.898452,yes,11455,639.473983
MS1,QC_E4805_240426_DDA_293T_500ng_120min_R1.true_uncompressed,QC_E4805_240426_DDA_293T_500ng_120min_R1.true_uncompressed,,zstd-9,zstd-9 raw float64,raw_backend,2431349680,1417444959,1.715304,yes,11455,639.473983
MS2,QC_E4805_240426_DDA_293T_500ng_120min_R1.true_uncompressed,QC_E4805_240426_DDA_293T_500ng_120min_R1.true_uncompressed,,gzip,gzip raw float64,raw_backend,846367616,436618516,1.938460,yes,170922,639.473983
MS2,QC_E4805_240426_DDA_293T_500ng_120min_R1.true_uncompressed,QC_E4805_240426_DDA_293T_500ng_120min_R1.true_uncompressed,,zlib,zlib raw float64,raw_backend,846367616,436618504,1.938460,yes,170922,639.473983
MS2,QC_E4805_240426_DDA_293T_500ng_120min_R1.true_uncompressed,QC_E4805_240426_DDA_293T_500ng_120min_R1.true_uncompressed,,zstd-9,zstd-9 raw float64,raw_backend,846367616,397063424,2.131568,yes,170922,639.473983
MS1,QC_E4804_240308_DIA_293T_500ng_120min_R1.true_uncompressed,QC_E4804_240308_DIA_293T_500ng_120min_R1.true_uncompressed,,gzip,gzip raw float64,raw_backend,1409555632,732807972,1.923499,yes,2924,807.541803
MS1,QC_E4804_240308_DIA_293T_500ng_120min_R1.true_uncompressed,QC_E4804_240308_DIA_293T_500ng_120min_R1.true_uncompressed,,zlib,zlib raw float64,raw_backend,1409555632,732807960,1.923499,yes,2924,807.541803
MS1,QC_E4804_240308_DIA_293T_500ng_120min_R1.true_uncompressed,QC_E4804_240308_DIA_293T_500ng_120min_R1.true_uncompressed,,zstd-9,zstd-9 raw float64,raw_backend,1409555632,843687746,1.670708,yes,2924,807.541803
MS2,QC_E4804_240308_DIA_293T_500ng_120min_R1.true_uncompressed,QC_E4804_240308_DIA_293T_500ng_120min_R1.true_uncompressed,,gzip,gzip raw float64,raw_backend,2274240272,1128810715,2.014722,yes,105232,807.541803
MS2,QC_E4804_240308_DIA_293T_500ng_120min_R1.true_uncompressed,QC_E4804_240308_DIA_293T_500ng_120min_R1.true_uncompressed,,zlib,zlib raw float64,raw_backend,2274240272,1128810703,2.014722,yes,105232,807.541803
MS2,QC_E4804_240308_DIA_293T_500ng_120min_R1.true_uncompressed,QC_E4804_240308_DIA_293T_500ng_120min_R1.true_uncompressed,,zstd-9,zstd-9 raw float64,raw_backend,2274240272,1029186280,2.209746,yes,105232,807.541803
MS1,QC_E4804_240226_DIA_293T_500ng_120min_R1.true_uncompressed,QC_E4804_240226_DIA_293T_500ng_120min_R1.true_uncompressed,,gzip,gzip raw float64,raw_backend,1433868080,744793871,1.925188,yes,2926,820.460995
MS1,QC_E4804_240226_DIA_293T_500ng_120min_R1.true_uncompressed,QC_E4804_240226_DIA_293T_500ng_120min_R1.true_uncompressed,,zlib,zlib raw float64,raw_backend,1433868080,744793859,1.925188,yes,2926,820.460995
MS1,QC_E4804_240226_DIA_293T_500ng_120min_R1.true_uncompressed,QC_E4804_240226_DIA_293T_500ng_120min_R1.true_uncompressed,,zstd-9,zstd-9 raw float64,raw_backend,1433868080,857286523,1.672566,yes,2926,820.460995
MS2,QC_E4804_240226_DIA_293T_500ng_120min_R1.true_uncompressed,QC_E4804_240226_DIA_293T_500ng_120min_R1.true_uncompressed,,gzip,gzip raw float64,raw_backend,2318534848,1149783077,2.016498,yes,105336,820.460995
MS2,QC_E4804_240226_DIA_293T_500ng_120min_R1.true_uncompressed,QC_E4804_240226_DIA_293T_500ng_120min_R1.true_uncompressed,,zlib,zlib raw float64,raw_backend,2318534848,1149783065,2.016498,yes,105336,820.460995
MS2,QC_E4804_240226_DIA_293T_500ng_120min_R1.true_uncompressed,QC_E4804_240226_DIA_293T_500ng_120min_R1.true_uncompressed,,zstd-9,zstd-9 raw float64,raw_backend,2318534848,1049471233,2.209241,yes,105336,820.460995
MS1,QC_E4804_240628_DIA_293T_500ng_120min_R1.true_uncompressed,QC_E4804_240628_DIA_293T_500ng_120min_R1.true_uncompressed,,gzip,gzip raw float64,raw_backend,1378115280,712928258,1.933035,yes,2920,838.155044
MS1,QC_E4804_240628_DIA_293T_500ng_120min_R1.true_uncompressed,QC_E4804_240628_DIA_293T_500ng_120min_R1.true_uncompressed,,zlib,zlib raw float64,raw_backend,1378115280,712928246,1.933035,yes,2920,838.155044
MS1,QC_E4804_240628_DIA_293T_500ng_120min_R1.true_uncompressed,QC_E4804_240628_DIA_293T_500ng_120min_R1.true_uncompressed,,zstd-9,zstd-9 raw float64,raw_backend,1378115280,821924655,1.676693,yes,2920,838.155044
MS2,QC_E4804_240628_DIA_293T_500ng_120min_R1.true_uncompressed,QC_E4804_240628_DIA_293T_500ng_120min_R1.true_uncompressed,,gzip,gzip raw float64,raw_backend,2407244304,1192082579,2.019360,yes,105087,838.155044
MS2,QC_E4804_240628_DIA_293T_500ng_120min_R1.true_uncompressed,QC_E4804_240628_DIA_293T_500ng_120min_R1.true_uncompressed,,zlib,zlib raw float64,raw_backend,2407244304,1192082567,2.019360,yes,105087,838.155044
MS2,QC_E4804_240628_DIA_293T_500ng_120min_R1.true_uncompressed,QC_E4804_240628_DIA_293T_500ng_120min_R1.true_uncompressed,,zstd-9,zstd-9 raw float64,raw_backend,2407244304,1087808181,2.212931,yes,105087,838.155044
MS1,QC_E4804_240507_DIA_293T_500ng_120min_R1.true_uncompressed,QC_E4804_240507_DIA_293T_500ng_120min_R1.true_uncompressed,,gzip,gzip raw float64,raw_backend,1457178208,755597122,1.928512,yes,2935,840.692276
MS1,QC_E4804_240507_DIA_293T_500ng_120min_R1.true_uncompressed,QC_E4804_240507_DIA_293T_500ng_120min_R1.true_uncompressed,,zlib,zlib raw float64,raw_backend,1457178208,755597110,1.928512,yes,2935,840.692276
MS1,QC_E4804_240507_DIA_293T_500ng_120min_R1.true_uncompressed,QC_E4804_240507_DIA_293T_500ng_120min_R1.true_uncompressed,,zstd-9,zstd-9 raw float64,raw_backend,1457178208,868879285,1.677078,yes,2935,840.692276
MS2,QC_E4804_240507_DIA_293T_500ng_120min_R1.true_uncompressed,QC_E4804_240507_DIA_293T_500ng_120min_R1.true_uncompressed,,gzip,gzip raw float64,raw_backend,2415760944,1196634370,2.018796,yes,105658,840.692276
MS2,QC_E4804_240507_DIA_293T_500ng_120min_R1.true_uncompressed,QC_E4804_240507_DIA_293T_500ng_120min_R1.true_uncompressed,,zlib,zlib raw float64,raw_backend,2415760944,1196634358,2.018796,yes,105658,840.692276
MS2,QC_E4804_240507_DIA_293T_500ng_120min_R1.true_uncompressed,QC_E4804_240507_DIA_293T_500ng_120min_R1.true_uncompressed,,zstd-9,zstd-9 raw float64,raw_backend,2415760944,1095806130,2.204551,yes,105658,840.692276
MS1,QC_E4802_240511_DIA_293T_500ng_60min_26w_R1.true_uncompressed,QC_E4802_240511_DIA_293T_500ng_60min_26w_R1.true_uncompressed,,gzip,gzip raw float64,raw_backend,1038230544,540360713,1.921366,yes,2500,459.750102
MS1,QC_E4802_240511_DIA_293T_500ng_60min_26w_R1.true_uncompressed,QC_E4802_240511_DIA_293T_500ng_60min_26w_R1.true_uncompressed,,zlib,zlib raw float64,raw_backend,1038230544,540360701,1.921366,yes,2500,459.750102
MS1,QC_E4802_240511_DIA_293T_500ng_60min_26w_R1.true_uncompressed,QC_E4802_240511_DIA_293T_500ng_60min_26w_R1.true_uncompressed,,zstd-9,zstd-9 raw float64,raw_backend,1038230544,619466273,1.676008,yes,2500,459.750102
MS2,QC_E4802_240511_DIA_293T_500ng_60min_26w_R1.true_uncompressed,QC_E4802_240511_DIA_293T_500ng_60min_26w_R1.true_uncompressed,,gzip,gzip raw float64,raw_backend,1229374240,609899231,2.015701,yes,64990,459.750102
MS2,QC_E4802_240511_DIA_293T_500ng_60min_26w_R1.true_uncompressed,QC_E4802_240511_DIA_293T_500ng_60min_26w_R1.true_uncompressed,,zlib,zlib raw float64,raw_backend,1229374240,609899219,2.015701,yes,64990,459.750102
MS2,QC_E4802_240511_DIA_293T_500ng_60min_26w_R1.true_uncompressed,QC_E4802_240511_DIA_293T_500ng_60min_26w_R1.true_uncompressed,,zstd-9,zstd-9 raw float64,raw_backend,1229374240,560991553,2.191431,yes,64990,459.750102
MS1,QC_E4802_240508_DIA_293T_500ng_60min_26w_R3.true_uncompressed,QC_E4802_240508_DIA_293T_500ng_60min_26w_R3.true_uncompressed,,gzip,gzip raw float64,raw_backend,1019859472,530464223,1.922579,yes,2500,455.647908
MS1,QC_E4802_240508_DIA_293T_500ng_60min_26w_R3.true_uncompressed,QC_E4802_240508_DIA_293T_500ng_60min_26w_R3.true_uncompressed,,zlib,zlib raw float64,raw_backend,1019859472,530464211,1.922579,yes,2500,455.647908
MS1,QC_E4802_240508_DIA_293T_500ng_60min_26w_R3.true_uncompressed,QC_E4802_240508_DIA_293T_500ng_60min_26w_R3.true_uncompressed,,zstd-9,zstd-9 raw float64,raw_backend,1019859472,607625089,1.678435,yes,2500,455.647908
MS2,QC_E4802_240508_DIA_293T_500ng_60min_26w_R3.true_uncompressed,QC_E4802_240508_DIA_293T_500ng_60min_26w_R3.true_uncompressed,,gzip,gzip raw float64,raw_backend,1230462048,610086165,2.016866,yes,64995,455.647908
MS2,QC_E4802_240508_DIA_293T_500ng_60min_26w_R3.true_uncompressed,QC_E4802_240508_DIA_293T_500ng_60min_26w_R3.true_uncompressed,,zlib,zlib raw float64,raw_backend,1230462048,610086153,2.016866,yes,64995,455.647908
MS2,QC_E4802_240508_DIA_293T_500ng_60min_26w_R3.true_uncompressed,QC_E4802_240508_DIA_293T_500ng_60min_26w_R3.true_uncompressed,,zstd-9,zstd-9 raw float64,raw_backend,1230462048,561327697,2.192057,yes,64995,455.647908
MS1,QC_E4805_240328_DDA_293T_1ug_60min_NewCol_R1.true_uncompressed,QC_E4805_240328_DDA_293T_1ug_60min_NewCol_R1.true_uncompressed,,gzip,gzip raw float64,raw_backend,1349954240,712649038,1.894276,yes,4661,401.948816
MS1,QC_E4805_240328_DDA_293T_1ug_60min_NewCol_R1.true_uncompressed,QC_E4805_240328_DDA_293T_1ug_60min_NewCol_R1.true_uncompressed,,zlib,zlib raw float64,raw_backend,1349954240,712649026,1.894276,yes,4661,401.948816
MS1,QC_E4805_240328_DDA_293T_1ug_60min_NewCol_R1.true_uncompressed,QC_E4805_240328_DDA_293T_1ug_60min_NewCol_R1.true_uncompressed,,zstd-9,zstd-9 raw float64,raw_backend,1349954240,806605064,1.673625,yes,4661,401.948816
MS2,QC_E4805_240328_DDA_293T_1ug_60min_NewCol_R1.true_uncompressed,QC_E4805_240328_DDA_293T_1ug_60min_NewCol_R1.true_uncompressed,,gzip,gzip raw float64,raw_backend,660851360,339757113,1.945070,yes,90522,401.948816
MS2,QC_E4805_240328_DDA_293T_1ug_60min_NewCol_R1.true_uncompressed,QC_E4805_240328_DDA_293T_1ug_60min_NewCol_R1.true_uncompressed,,zlib,zlib raw float64,raw_backend,660851360,339757101,1.945070,yes,90522,401.948816
MS2,QC_E4805_240328_DDA_293T_1ug_60min_NewCol_R1.true_uncompressed,QC_E4805_240328_DDA_293T_1ug_60min_NewCol_R1.true_uncompressed,,zstd-9,zstd-9 raw float64,raw_backend,660851360,309014038,2.138580,yes,90522,401.948816
MS1,QC_E4802_240703_DDA_293T_500ng_60min_R1.true_uncompressed,QC_E4802_240703_DDA_293T_500ng_60min_R1.true_uncompressed,,gzip,gzip raw float64,raw_backend,2250251840,1187268588,1.895318,yes,11171,1138.152387
MS1,QC_E4802_240703_DDA_293T_500ng_60min_R1.true_uncompressed,QC_E4802_240703_DDA_293T_500ng_60min_R1.true_uncompressed,,zlib,zlib raw float64,raw_backend,2250251840,1187268576,1.895318,yes,11171,1138.152387
MS1,QC_E4802_240703_DDA_293T_500ng_60min_R1.true_uncompressed,QC_E4802_240703_DDA_293T_500ng_60min_R1.true_uncompressed,,zstd-9,zstd-9 raw float64,raw_backend,2250251840,1337241033,1.682757,yes,11171,1138.152387
MS2,QC_E4802_240703_DDA_293T_500ng_60min_R1.true_uncompressed,QC_E4802_240703_DDA_293T_500ng_60min_R1.true_uncompressed,,gzip,gzip raw float64,raw_backend,488852112,252455700,1.936388,yes,92213,1138.152387
MS2,QC_E4802_240703_DDA_293T_500ng_60min_R1.true_uncompressed,QC_E4802_240703_DDA_293T_500ng_60min_R1.true_uncompressed,,zlib,zlib raw float64,raw_backend,488852112,252455688,1.936388,yes,92213,1138.152387
MS2,QC_E4802_240703_DDA_293T_500ng_60min_R1.true_uncompressed,QC_E4802_240703_DDA_293T_500ng_60min_R1.true_uncompressed,,zstd-9,zstd-9 raw float64,raw_backend,488852112,230080144,2.124704,yes,92213,1138.152387
MS1,QC_E4804_240320_DIA_293T_500ng_120min_R1.true_uncompressed,QC_E4804_240320_DIA_293T_500ng_120min_R1.true_uncompressed,,gzip,gzip raw float64,raw_backend,1363665616,708673061,1.924252,yes,2908,992.991392
MS1,QC_E4804_240320_DIA_293T_500ng_120min_R1.true_uncompressed,QC_E4804_240320_DIA_293T_500ng_120min_R1.true_uncompressed,,zlib,zlib raw float64,raw_backend,1363665616,708673049,1.924252,yes,2908,992.991392
MS1,QC_E4804_240320_DIA_293T_500ng_120min_R1.true_uncompressed,QC_E4804_240320_DIA_293T_500ng_120min_R1.true_uncompressed,,zstd-9,zstd-9 raw float64,raw_backend,1363665616,818164578,1.666738,yes,2908,992.991392
MS2,QC_E4804_240320_DIA_293T_500ng_120min_R1.true_uncompressed,QC_E4804_240320_DIA_293T_500ng_120min_R1.true_uncompressed,,gzip,gzip raw float64,raw_backend,1998748336,994690448,2.009417,yes,104654,992.991392
MS2,QC_E4804_240320_DIA_293T_500ng_120min_R1.true_uncompressed,QC_E4804_240320_DIA_293T_500ng_120min_R1.true_uncompressed,,zlib,zlib raw float64,raw_backend,1998748336,994690436,2.009417,yes,104654,992.991392
MS2,QC_E4804_240320_DIA_293T_500ng_120min_R1.true_uncompressed,QC_E4804_240320_DIA_293T_500ng_120min_R1.true_uncompressed,,zstd-9,zstd-9 raw float64,raw_backend,1998748336,903389486,2.212499,yes,104654,992.991392
MS1,LFQ_Orbitrap_AIF_Human_02,LFQ_Orbitrap_AIF_Human_02,,gzip,gzip raw float64,raw_backend,46934896,23025308,2.038405,yes,3108,456.941560
MS1,LFQ_Orbitrap_AIF_Human_02,LFQ_Orbitrap_AIF_Human_02,,zlib,zlib raw float64,raw_backend,46934896,23025296,2.038406,yes,3108,456.941560
MS1,LFQ_Orbitrap_AIF_Human_02,LFQ_Orbitrap_AIF_Human_02,,zstd-9,zstd-9 raw float64,raw_backend,46934896,20726002,2.264542,yes,3108,456.941560
MS2,LFQ_Orbitrap_AIF_Human_02,LFQ_Orbitrap_AIF_Human_02,,gzip,gzip raw float64,raw_backend,1051028320,536165918,1.960267,yes,233035,456.941560
MS2,LFQ_Orbitrap_AIF_Human_02,LFQ_Orbitrap_AIF_Human_02,,zlib,zlib raw float64,raw_backend,1051028320,536165906,1.960267,yes,233035,456.941560
MS2,LFQ_Orbitrap_AIF_Human_02,LFQ_Orbitrap_AIF_Human_02,,zstd-9,zstd-9 raw float64,raw_backend,1051028320,485883327,2.163129,yes,233035,456.941560
MS1,LFQ_Orbitrap_AIF_Human_01,LFQ_Orbitrap_AIF_Human_01,,gzip,gzip raw float64,raw_backend,46457008,22791153,2.038379,yes,3108,477.448342
MS1,LFQ_Orbitrap_AIF_Human_01,LFQ_Orbitrap_AIF_Human_01,,zlib,zlib raw float64,raw_backend,46457008,22791141,2.038380,yes,3108,477.448342
MS1,LFQ_Orbitrap_AIF_Human_01,LFQ_Orbitrap_AIF_Human_01,,zstd-9,zstd-9 raw float64,raw_backend,46457008,20505060,2.265636,yes,3108,477.448342
MS2,LFQ_Orbitrap_AIF_Human_01,LFQ_Orbitrap_AIF_Human_01,,gzip,gzip raw float64,raw_backend,1144597296,583403404,1.961931,yes,233028,477.448342
MS2,LFQ_Orbitrap_AIF_Human_01,LFQ_Orbitrap_AIF_Human_01,,zlib,zlib raw float64,raw_backend,1144597296,583403392,1.961931,yes,233028,477.448342
MS2,LFQ_Orbitrap_AIF_Human_01,LFQ_Orbitrap_AIF_Human_01,,zstd-9,zstd-9 raw float64,raw_backend,1144597296,528336993,2.166415,yes,233028,477.448342
